<?xml version="1.0" encoding="UTF-8"?>
<metadata>
	<idinfo>
		<citation>
			<citeinfo>
				<origin>U.S. Department of Commerce, U.S. Census Bureau, Geography 
                    Division</origin>
				<pubdate>2016</pubdate>
				<title>TIGER/Line Shapefile, 2016,  nation, U.S., Current County and Equivalent National Shapefile</title>
				<edition>2016</edition>
				<geoform>vector digital data</geoform>
				<onlink>http://www2.census.gov/geo/tiger/TIGER2016/COUNTY/tl_2016_us_county.zip</onlink>
			</citeinfo>
		</citation>
		<descript>
			<abstract>The TIGER/Line shapefiles and related database files (.dbf) are an extract of selected geographic and cartographic information from the U.S. Census Bureau's Master Address File / Topologically Integrated Geographic Encoding and Referencing (MAF/TIGER) Database (MTDB).  The MTDB represents a seamless national file with no overlaps or gaps between parts, however, each TIGER/Line shapefile is designed to stand alone as an independent data set, or they can be combined to cover the entire nation.


The primary legal divisions of most states are termed counties.  In Louisiana, these divisions are known as parishes.  In Alaska, which has no counties, the equivalent entities are the organized boroughs, city and boroughs, municipalities, and for the unorganized area, census areas.  The latter are delineated cooperatively for statistical purposes by the State of Alaska and the Census Bureau.  In four states (Maryland, Missouri, Nevada, and Virginia), there are one or more incorporated places that are independent of any county organization and thus constitute primary divisions of their states.  These incorporated places are known as independent cities and are treated as equivalent entities for purposes of data presentation.  The District of Columbia and Guam have no primary divisions, and each area is considered an equivalent entity for purposes of data presentation.  The Census Bureau treats the following entities as equivalents of counties for purposes of data presentation: Municipios in Puerto Rico, Districts and Islands in American Samoa, Municipalities in the Commonwealth of the Northern Mariana Islands, and Islands in the U.S. Virgin Islands.  The entire area of the United States, Puerto Rico, and the Island Areas is covered by counties or equivalent entities.  


The boundaries for counties and equivalent entities are as of January 1, 2015, primarily as reported through the Census Bureau's Boundary and Annexation Survey (BAS).</abstract>
			<purpose>In order for others to use the information in the Census MAF/TIGER database in a geographic information system (GIS) or for other geographic applications, the Census Bureau releases to the public extracts of the database in the form of TIGER/Line Shapefiles.</purpose>
		</descript>
		<timeperd>
			<timeinfo>
				<rngdates>
					<begdate>201406</begdate>
					<enddate>201605</enddate>
				</rngdates>
			</timeinfo>
			<current>Publication Date</current>
		</timeperd>
		<status>
			<progress>Complete</progress>
			<update>No changes or updates will be made to this version of the TIGER/Line Shapefiles.  Future releases of TIGER/Line Shapefiles will reflect updates made to the Census MAF/TIGER database.</update>
		</status>
		<spdom>
			<bounding>
				<westbc>-179.231086</westbc>
				<eastbc>179.859681</eastbc>
				<northbc>71.441059</northbc>
				<southbc>-14.601813</southbc>
			</bounding>
		</spdom>
		<keywords>
			<theme>
				<themekt>NGDA Portfolio Themes</themekt>
				<themekey>NGDA</themekey>
				<themekey>Governmental Units and Administrative and Statistical Boundaries Theme</themekey>
				<themekey>National Geospatial Data Asset</themekey>
			</theme>
			<theme>
				<themekt>None</themekt>
				<themekey>Nation</themekey>
				<themekey>Polygon</themekey>
				<themekey>County</themekey>
				<themekey>Borough</themekey>
				<themekey>Parish</themekey>
				<themekey>Municipio</themekey>
			</theme>
			<theme>
				<themekt>ISO 19115 Topic Categories</themekt>
				<themekey>Boundaries</themekey>
			</theme>
			<place>
				<placekt>ANSI INCITS 38:2009 (Formerly FIPS 5-2), 
                              ANSI INCITS 31:2009 (Formerly FIPS 6-4),ANSI 
                              INCITS 454:2009 (Formerly FIPS 8-6), ANSI INCITS 
                              455:2009(Formerly FIPS 9-1), ANSI INCITS 446:2008                           (Geographic Names Information System (GNIS))
</placekt>
				<placekey>
United States
</placekey>
				<placekey>
U.S.
</placekey>
			</place>
		</keywords>
		<accconst>None</accconst>
		<useconst>The TIGER/Line Shapefile products are not copyrighted however TIGER/Line and Census TIGER are registered trademarks of the U.S. Census Bureau.  These products are free to use in a product or publication, however acknowledgement must be given to the U.S. Census Bureau as the source.
The boundary information in the TIGER/Line Shapefiles are for statistical data collection and tabulation purposes only; their depiction and designation for statistical purposes does not constitute a determination of jurisdictional authority or rights of ownership or entitlement and they are not legal land descriptions.Coordinates in the TIGER/Line shapefiles have six implied decimal places, but the positional accuracy of these coordinates is not as great as the six decimal places suggest.</useconst>
		<ptcontac>
			<cntinfo>
				<cntorgp>
					<cntorg>U.S. Department of Commerce, U.S. Census Bureau, 
                         Geography Division, Spatial Data Collection and Products Branch</cntorg>
				</cntorgp>
				<cntaddr>
					<addrtype>mailing</addrtype>
					<address>4600 Silver Hill Road, Stop 7400</address>
					<city>Washington</city>
					<state>DC</state>
					<postal>20233-7400</postal>
					<country>United States</country>
				</cntaddr>
				<cntvoice>301-763-1128</cntvoice>
				<cntfax>301-763-4710</cntfax>
				<cntemail>geo.geography@census.gov</cntemail>
			</cntinfo>
		</ptcontac>
	</idinfo>
	<dataqual>
		<attracc>
			<attraccr>Accurate against National Standard Codes, Federal Information Processing (FIPS) and the Geographic Names Information System (GNIS) at the 100% level for the codes and base names.  The remaining attribute information has been examined but has not been fully tested for accuracy.</attraccr>
		</attracc>
		<logic>The Census Bureau performed automated tests to ensure logical consistency and limits of shapefiles.  Segments making up the outer and inner boundaries of a polygon tie end-to-end to completely enclose the area.  All polygons are tested for closure.
The Census Bureau uses its internally developed geographic update system to enhance and modify spatial and attribute data in the Census MAF/TIGER database.  Standard geographic codes, such as FIPS codes for states, counties, municipalities, county subdivisions, places, American Indian/Alaska Native/Native Hawaiian areas, and congressional districts are used when encoding spatial entities.  The Census Bureau performed spatial data tests for logical consistency of the codes during the compilation of the original Census MAF/TIGER database files.  Most of the codes for geographic entities except states, counties, urban areas, Core Based Statistical Areas (CBSAs), American Indian Areas (AIAs), and congressional districts were provided to the Census Bureau by the USGS, the agency responsible for maintaining the Geographic Names Information System (GNIS).  Feature attribute information has been examined but has not been fully tested for consistency.
For the TIGER/Line Shapefiles, the Point and Vector Object Count for the G-polygon SDTS Point and Vector Object Type reflects the number of records in the shapefile attribute table.  For multi-polygon features, only one attribute record exists for each multi-polygon rather than one attribute record per individual G-polygon component of the multi-polygon feature.  TIGER/Line Shapefile multi-polygons are an exception to the G-polygon object type classification.  Therefore, when multi-polygons exist in a shapefile, the object count will be less than the actual number of G-polygons.</logic>
		<complete>Data completeness of the TIGER/Line Shapefiles reflects the contents of the Census MAF/TIGER database at the time the TIGER/Line Shapefiles were created.</complete>
		<lineage>
			<srcinfo>
				<srccite>
					<citeinfo>
						<origin>U.S. Department of Commerce, U.S. Census Bureau, Geography Division</origin>
						<pubdate>Unpublished material</pubdate>
						<title>Census MAF/TIGER database</title>
					</citeinfo>
				</srccite>
				<typesrc>online</typesrc>
				<srctime>
					<timeinfo>
						<rngdates>
							<begdate>201506</begdate>
							<enddate>201605</enddate>
						</rngdates>
					</timeinfo>
					<srccurr>Publication Date</srccurr>
				</srctime>
				<srccitea>MAF/TIGER</srccitea>
				<srccontr>All line segments</srccontr>
			</srcinfo>
			<procstep>
				<procdesc>TIGER/Line Shapefiles are extracted from the Census MAF/TIGER database by nation, state, county, and entity.  Census MAF/TIGER data for all of the aforementioned geographic entities are then distributed among the shapefiles each containing attributes for line, polygon, or landmark geographic data. </procdesc>
				<srcused>MAF/TIGER</srcused>
				<procdate>2016</procdate>
			</procstep>
		</lineage>
	</dataqual>
	<spdoinfo>
		<indspref>Federal Information Processing Series (FIPS), Geographic Names Information System (GNIS), and feature names.</indspref>
		<direct>Vector</direct>
		<ptvctinf><esriterm Name="utah_extras_Merge"><efeatyp Sync="TRUE">Simple</efeatyp><efeageom code="4" Sync="TRUE"></efeageom><esritopo Sync="TRUE">FALSE</esritopo><efeacnt Sync="TRUE">0</efeacnt><spindex Sync="TRUE">TRUE</spindex><linrefer Sync="TRUE">FALSE</linrefer></esriterm></ptvctinf></spdoinfo>
	<spref>
		<horizsys>
			<geograph>
				<latres>0.000458</latres>
				<longres>0.000458</longres>
				<geogunit>Decimal degrees</geogunit>
			</geograph>
			<geodetic>
				<horizdn>North American Datum of 1983</horizdn>
				<ellips>Geodetic Reference System 80</ellips>
				<semiaxis>6378137</semiaxis>
				<denflat>298.257</denflat>
			</geodetic>
		</horizsys>
	</spref>
	<eainfo>
		<detailed Name="utah_extras_Merge">
			<enttyp>
				<enttypl>COUNTY.shp</enttypl>
				<enttypd>Current County and Equivalent National</enttypd>
				<enttypds>U.S. Census Bureau</enttypds>
				<enttypt Sync="TRUE">Feature Class</enttypt><enttypc Sync="TRUE">0</enttypc></enttyp>
			<attr><attrlabl Sync="TRUE">OBJECTID</attrlabl><attalias Sync="TRUE">OBJECTID</attalias><attrtype Sync="TRUE">OID</attrtype><attwidth Sync="TRUE">4</attwidth><atprecis Sync="TRUE">0</atprecis><attscale Sync="TRUE">0</attscale><attrdef Sync="TRUE">Internal feature number.</attrdef><attrdefs Sync="TRUE">Esri</attrdefs><attrdomv><udom Sync="TRUE">Sequential unique whole numbers that are automatically generated.</udom></attrdomv></attr><attr><attrlabl Sync="TRUE">Shape</attrlabl><attalias Sync="TRUE">Shape</attalias><attrtype Sync="TRUE">Geometry</attrtype><attwidth Sync="TRUE">0</attwidth><atprecis Sync="TRUE">0</atprecis><attscale Sync="TRUE">0</attscale><attrdef Sync="TRUE">Feature geometry.</attrdef><attrdefs Sync="TRUE">Esri</attrdefs><attrdomv><udom Sync="TRUE">Coordinates defining the features.</udom></attrdomv></attr><attr>
				<attrlabl>STATEFP</attrlabl>
				<attrdef>Current state Federal Information Processing Series (FIPS) code</attrdef>
				<attrdefs>U.S. Census Bureau</attrdefs>
				<attrdomv>
					<codesetd>
						<codesetn>National Standard Codes (ANSI INCITS 38-2009), Federal Information Processing Series (FIPS) - States/State Equivalents</codesetn>
						<codesets>U.S. Census Bureau</codesets>
					</codesetd>
				</attrdomv>
				<attalias Sync="TRUE">STATEFP</attalias><attrtype Sync="TRUE">String</attrtype><attwidth Sync="TRUE">2</attwidth><atprecis Sync="TRUE">0</atprecis><attscale Sync="TRUE">0</attscale></attr>
			<attr>
				<attrlabl>COUNTYFP</attrlabl>
				<attrdef>Current county Federal Information Processing Series (FIPS) code</attrdef>
				<attrdefs>U.S. Census Bureau</attrdefs>
				<attrdomv>
					<codesetd>
						<codesetn>National Standard Codes (ANSI INCITS 31-2009), Federal Information Processing Series (FIPS) - Counties/County Equivalents</codesetn>
						<codesets>U.S. Census Bureau</codesets>
					</codesetd>
				</attrdomv>
				<attalias Sync="TRUE">COUNTYFP</attalias><attrtype Sync="TRUE">String</attrtype><attwidth Sync="TRUE">3</attwidth><atprecis Sync="TRUE">0</atprecis><attscale Sync="TRUE">0</attscale></attr>
			<attr>
				<attrlabl>COUNTYNS</attrlabl>
				<attrdef>Current county GNIS code</attrdef>
				<attrdefs>U.S. Census Bureau</attrdefs>
				<attrdomv>
					<codesetd>
						<codesetn>INCITS 446:2008 (Geographic Names Information System (GNIS)), Identifying Attributes for Named Physical and Cultural Geographic Features (Except Roads and Highways) of the United States, Its Territories, Outlying Areas, and Freely Associated Areas, and the Waters of the Same to the Limit of the Twelve-Mile Statutory Zone</codesetn>
						<codesets>U.S. Geological Survey (USGS)</codesets>
					</codesetd>
				</attrdomv>
				<attalias Sync="TRUE">COUNTYNS</attalias><attrtype Sync="TRUE">String</attrtype><attwidth Sync="TRUE">8</attwidth><atprecis Sync="TRUE">0</atprecis><attscale Sync="TRUE">0</attscale></attr>
			<attr>
				<attrlabl>GEOID</attrlabl>
				<attrdef>County identifier; a concatenation of Current state FIPS code and county FIPS code</attrdef>
				<attrdefs>U.S. Census Bureau</attrdefs>
				<attrdomv>
					<udom>The GEOID attribute is a concatenation of the state FIPS code followed by the county FIPS code. No spaces are allowed between the two codes. The State FIPS code is taken from "National Standard Codes (ANSI INCITS 38-2009), Federal Information Processing Series (FIPS) - States". The county FIPS code is taken from "National Standard Codes (ANSI INCITS 31-2009), Federal Information Processing Series (FIPS) - Counties/County Equivalents".</udom>
				</attrdomv>
				<attalias Sync="TRUE">GEOID</attalias><attrtype Sync="TRUE">String</attrtype><attwidth Sync="TRUE">5</attwidth><atprecis Sync="TRUE">0</atprecis><attscale Sync="TRUE">0</attscale></attr>
			<attr>
				<attrlabl>NAME</attrlabl>
				<attrdef>Current county name</attrdef>
				<attrdefs>U.S. Census Bureau</attrdefs>
				<attrdomv>
					<codesetd>
						<codesetn>National Standard Codes (ANSI INCITS 31-2009), Federal Information Processing Series (FIPS) - Counties/County Equivalents</codesetn>
						<codesets>U.S. Census Bureau</codesets>
					</codesetd>
				</attrdomv>
				<attalias Sync="TRUE">NAME</attalias><attrtype Sync="TRUE">String</attrtype><attwidth Sync="TRUE">100</attwidth><atprecis Sync="TRUE">0</atprecis><attscale Sync="TRUE">0</attscale></attr>
			<attr>
				<attrlabl>NAMELSAD</attrlabl>
				<attrdef>Current name and the translated legal/statistical area description for county</attrdef>
				<attrdefs>U.S. Census Bureau</attrdefs>
				<attrdomv>
					<udom>The NAMELSAD attribute is a concatenation of the county name followed by the translated legal/statistical area description. No spaces are allowed between the two codes.</udom>
				</attrdomv>
				<attalias Sync="TRUE">NAMELSAD</attalias><attrtype Sync="TRUE">String</attrtype><attwidth Sync="TRUE">100</attwidth><atprecis Sync="TRUE">0</atprecis><attscale Sync="TRUE">0</attscale></attr>
			<attr>
				<attrlabl>LSAD</attrlabl>
				<attrdef>Current legal/statistical area description code for county</attrdef>
				<attrdefs>U.S. Census Bureau</attrdefs>
				<attrdomv>
					<edom>
						<edomv>00</edomv>
						<edomvd>Blank</edomvd>
						<edomvds>U.S. Census Bureau</edomvds>
					</edom>
				</attrdomv>
				<attrdomv>
					<edom>
						<edomv>03</edomv>
						<edomvd>City and Borough (suffix)</edomvd>
						<edomvds>U.S. Census Bureau</edomvds>
					</edom>
				</attrdomv>
				<attrdomv>
					<edom>
						<edomv>04</edomv>
						<edomvd>Borough (suffix)</edomvd>
						<edomvds>U.S. Census Bureau</edomvds>
					</edom>
				</attrdomv>
				<attrdomv>
					<edom>
						<edomv>05</edomv>
						<edomvd>Census Area (suffix)</edomvd>
						<edomvds>U.S. Census Bureau</edomvds>
					</edom>
				</attrdomv>
				<attrdomv>
					<edom>
						<edomv>06</edomv>
						<edomvd>County (suffix)</edomvd>
						<edomvds>U.S. Census Bureau</edomvds>
					</edom>
				</attrdomv>
				<attrdomv>
					<edom>
						<edomv>07</edomv>
						<edomvd>District (suffix)</edomvd>
						<edomvds>U.S. Census Bureau</edomvds>
					</edom>
				</attrdomv>
				<attrdomv>
					<edom>
						<edomv>10</edomv>
						<edomvd>Island (suffix)</edomvd>
						<edomvds>U.S. Census Bureau</edomvds>
					</edom>
				</attrdomv>
				<attrdomv>
					<edom>
						<edomv>12</edomv>
						<edomvd>Municipality (suffix)</edomvd>
						<edomvds>U.S. Census Bureau</edomvds>
					</edom>
				</attrdomv>
				<attrdomv>
					<edom>
						<edomv>13</edomv>
						<edomvd>Municipio (suffix)</edomvd>
						<edomvds>U.S. Census Bureau</edomvds>
					</edom>
				</attrdomv>
				<attrdomv>
					<edom>
						<edomv>15</edomv>
						<edomvd>Parish (suffix)</edomvd>
						<edomvds>U.S. Census Bureau</edomvds>
					</edom>
				</attrdomv>
				<attrdomv>
					<edom>
						<edomv>25</edomv>
						<edomvd>city (suffix)</edomvd>
						<edomvds>U.S. Census Bureau</edomvds>
					</edom>
				</attrdomv>
				<attalias Sync="TRUE">LSAD</attalias><attrtype Sync="TRUE">String</attrtype><attwidth Sync="TRUE">2</attwidth><atprecis Sync="TRUE">0</atprecis><attscale Sync="TRUE">0</attscale></attr>
			<attr>
				<attrlabl>CLASSFP</attrlabl>
				<attrdef>Current Federal Information Processing Series (FIPS) class code</attrdef>
				<attrdefs>U.S. Census Bureau</attrdefs>
				<attrdomv>
					<edom>
						<edomv>C7</edomv>
						<edomvd>An incorporated place that is independent of any county</edomvd>
						<edomvds>U.S. Census Bureau</edomvds>
					</edom>
				</attrdomv>
				<attrdomv>
					<edom>
						<edomv>H1</edomv>
						<edomvd>An active county or equivalent feature</edomvd>
						<edomvds>U.S. Census Bureau</edomvds>
					</edom>
				</attrdomv>
				<attrdomv>
					<edom>
						<edomv>H4</edomv>
						<edomvd>An inactive county or equivalent feature</edomvd>
						<edomvds>U.S. Census Bureau</edomvds>
					</edom>
				</attrdomv>
				<attrdomv>
					<edom>
						<edomv>H5</edomv>
						<edomvd>A statistical county equivalent feature</edomvd>
						<edomvds>U.S. Census Bureau</edomvds>
					</edom>
				</attrdomv>
				<attrdomv>
					<edom>
						<edomv>H6</edomv>
						<edomvd>A county that is coextensive with an incorporated place, part of an incorporated place, or a consolidated city and the governmental functions of the county are part of the municipal government</edomvd>
						<edomvds>U.S. Census Bureau</edomvds>
					</edom>
				</attrdomv>
				<attalias Sync="TRUE">CLASSFP</attalias><attrtype Sync="TRUE">String</attrtype><attwidth Sync="TRUE">2</attwidth><atprecis Sync="TRUE">0</atprecis><attscale Sync="TRUE">0</attscale></attr>
			<attr>
				<attrlabl>MTFCC</attrlabl>
				<attrdef>MAF/TIGER feature class code</attrdef>
				<attrdefs>U.S. Census Bureau</attrdefs>
				<attrdomv>
					<edom>
						<edomv>G4020</edomv>
						<edomvd>County or Equivalent Feature</edomvd>
						<edomvds>U.S. Census Bureau</edomvds>
					</edom>
				</attrdomv>
				<attalias Sync="TRUE">MTFCC</attalias><attrtype Sync="TRUE">String</attrtype><attwidth Sync="TRUE">5</attwidth><atprecis Sync="TRUE">0</atprecis><attscale Sync="TRUE">0</attscale></attr>
			<attr>
				<attrlabl>CSAFP</attrlabl>
				<attrdef>Current combined statistical area code</attrdef>
				<attrdefs>U.S. Census Bureau</attrdefs>
				<attrdomv>
					<rdom>
						<rdommin>100</rdommin>
						<rdommax>599</rdommax>
					</rdom>
				</attrdomv>
				<attalias Sync="TRUE">CSAFP</attalias><attrtype Sync="TRUE">String</attrtype><attwidth Sync="TRUE">3</attwidth><atprecis Sync="TRUE">0</atprecis><attscale Sync="TRUE">0</attscale></attr>
			<attr>
				<attrlabl>CBSAFP</attrlabl>
				<attrdef>Current metropolitan statistical area/micropolitan statistical area code</attrdef>
				<attrdefs>U.S. Census Bureau</attrdefs>
				<attrdomv>
					<rdom>
						<rdommin>10000</rdommin>
						<rdommax>49999</rdommax>
					</rdom>
				</attrdomv>
				<attalias Sync="TRUE">CBSAFP</attalias><attrtype Sync="TRUE">String</attrtype><attwidth Sync="TRUE">5</attwidth><atprecis Sync="TRUE">0</atprecis><attscale Sync="TRUE">0</attscale></attr>
			<attr>
				<attrlabl>METDIVFP</attrlabl>
				<attrdef>Current metropolitan division code</attrdef>
				<attrdefs>U.S. Census Bureau</attrdefs>
				<attrdomv>
					<rdom>
						<rdommin>10004</rdommin>
						<rdommax>49994</rdommax>
					</rdom>
				</attrdomv>
				<attalias Sync="TRUE">METDIVFP</attalias><attrtype Sync="TRUE">String</attrtype><attwidth Sync="TRUE">5</attwidth><atprecis Sync="TRUE">0</atprecis><attscale Sync="TRUE">0</attscale></attr>
			<attr>
				<attrlabl>FUNCSTAT</attrlabl>
				<attrdef>Current functional status</attrdef>
				<attrdefs>U.S. Census Bureau</attrdefs>
				<attrdomv>
					<edom>
						<edomv>A</edomv>
						<edomvd>Active government providing primary general-purpose functions</edomvd>
						<edomvds>U.S. Census Bureau</edomvds>
					</edom>
				</attrdomv>
				<attrdomv>
					<edom>
						<edomv>B</edomv>
						<edomvd>Active government that is partially consolidated with another government but with separate officials providing primary general-purpose functions</edomvd>
						<edomvds>U.S. Census Bureau</edomvds>
					</edom>
				</attrdomv>
				<attrdomv>
					<edom>
						<edomv>C</edomv>
						<edomvd>Active government consolidated with another government with a single set of officials</edomvd>
						<edomvds>U.S. Census Bureau</edomvds>
					</edom>
				</attrdomv>
				<attrdomv>
					<edom>
						<edomv>F</edomv>
						<edomvd>Fictitious Entity created to fill the Census Bureau geographic hierarchy</edomvd>
						<edomvds>U.S. Census Bureau</edomvds>
					</edom>
				</attrdomv>
				<attrdomv>
					<edom>
						<edomv>G</edomv>
						<edomvd>Active government that is subordinate to another unit of government</edomvd>
						<edomvds>U.S. Census Bureau</edomvds>
					</edom>
				</attrdomv>
				<attrdomv>
					<edom>
						<edomv>N</edomv>
						<edomvd>Nonfunctioning legal entity</edomvd>
						<edomvds>U.S. Census Bureau</edomvds>
					</edom>
				</attrdomv>
				<attrdomv>
					<edom>
						<edomv>S</edomv>
						<edomvd>Statistical Entity</edomvd>
						<edomvds>U.S. Census Bureau</edomvds>
					</edom>
				</attrdomv>
				<attalias Sync="TRUE">FUNCSTAT</attalias><attrtype Sync="TRUE">String</attrtype><attwidth Sync="TRUE">1</attwidth><atprecis Sync="TRUE">0</atprecis><attscale Sync="TRUE">0</attscale></attr>
			<attr>
				<attrlabl>ALAND</attrlabl>
				<attrdef>Current land area</attrdef>
				<attrdefs>U.S. Census Bureau</attrdefs>
				<attrdomv>
					<rdom>
						<rdommin>0</rdommin>
						<rdommax>9,999,999,999,999</rdommax>
					</rdom>
				</attrdomv>
				<attalias Sync="TRUE">ALAND</attalias><attrtype Sync="TRUE">Double</attrtype><attwidth Sync="TRUE">8</attwidth><atprecis Sync="TRUE">0</atprecis><attscale Sync="TRUE">0</attscale></attr>
			<attr>
				<attrlabl>AWATER</attrlabl>
				<attrdef>Current water area</attrdef>
				<attrdefs>U.S. Census Bureau</attrdefs>
				<attrdomv>
					<rdom>
						<rdommin>0</rdommin>
						<rdommax>9,999,999,999,999</rdommax>
					</rdom>
				</attrdomv>
				<attalias Sync="TRUE">AWATER</attalias><attrtype Sync="TRUE">Double</attrtype><attwidth Sync="TRUE">8</attwidth><atprecis Sync="TRUE">0</atprecis><attscale Sync="TRUE">0</attscale></attr>
			<attr>
				<attrlabl>INTPTLAT</attrlabl>
				<attrdef>Current latitude of the internal point</attrdef>
				<attrdefs>U.S. Census Bureau</attrdefs>
				<attrdomv>
					<rdom>
						<rdommin>-90.000000</rdommin>
						<rdommax>90.000000</rdommax>
					</rdom>
				</attrdomv>
				<attalias Sync="TRUE">INTPTLAT</attalias><attrtype Sync="TRUE">String</attrtype><attwidth Sync="TRUE">11</attwidth><atprecis Sync="TRUE">0</atprecis><attscale Sync="TRUE">0</attscale></attr>
			<attr>
				<attrlabl>INTPTLON</attrlabl>
				<attrdef>Current longitude of the internal point</attrdef>
				<attrdefs>U.S. Census Bureau</attrdefs>
				<attrdomv>
					<rdom>
						<rdommin>-180.000000</rdommin>
						<rdommax>180.000000</rdommax>
					</rdom>
				</attrdomv>
				<attalias Sync="TRUE">INTPTLON</attalias><attrtype Sync="TRUE">String</attrtype><attwidth Sync="TRUE">12</attwidth><atprecis Sync="TRUE">0</atprecis><attscale Sync="TRUE">0</attscale></attr>
			<attr><attrlabl Sync="TRUE">Shape_Length</attrlabl><attalias Sync="TRUE">Shape_Length</attalias><attrtype Sync="TRUE">Double</attrtype><attwidth Sync="TRUE">8</attwidth><atprecis Sync="TRUE">0</atprecis><attscale Sync="TRUE">0</attscale><attrdef Sync="TRUE">Length of feature in internal units.</attrdef><attrdefs Sync="TRUE">Esri</attrdefs><attrdomv><udom Sync="TRUE">Positive real numbers that are automatically generated.</udom></attrdomv></attr><attr><attrlabl Sync="TRUE">Shape_Area</attrlabl><attalias Sync="TRUE">Shape_Area</attalias><attrtype Sync="TRUE">Double</attrtype><attwidth Sync="TRUE">8</attwidth><atprecis Sync="TRUE">0</atprecis><attscale Sync="TRUE">0</attscale><attrdef Sync="TRUE">Area of feature in internal units squared.</attrdef><attrdefs Sync="TRUE">Esri</attrdefs><attrdomv><udom Sync="TRUE">Positive real numbers that are automatically generated.</udom></attrdomv></attr></detailed>
	</eainfo>
	<distinfo>
		<distrib>
			<cntinfo>
				<cntorgp>
					<cntorg>U.S. Department of Commerce, U.S. Census Bureau, Geography Division, Spatial Data Collection and Products Branch</cntorg>
				</cntorgp>
				<cntaddr>
					<addrtype>mailing</addrtype>
					<address>4600 Silver Hill Road, Stop 7400</address>
					<city>Washington</city>
					<state>DC</state>
					<postal>20233-7400</postal>
					<country>United States</country>
				</cntaddr>
				<cntvoice>301-763-1128</cntvoice>
				<cntfax>301-763-4710</cntfax>
				<cntemail>geo.geography@census.gov</cntemail>
			</cntinfo>
		</distrib>
		<distliab>No warranty, expressed or implied is made with regard to the accuracy of these data, and no liability is assumed by the U.S. Government in general or the U.S. Census Bureau in specific as to the spatial or attribute accuracy of the data.  The act of distribution shall not constitute any such warranty and no responsibility is assumed by the U.S. government in the use of these files.  The boundary information in the TIGER/Line Shapefiles is for statistical data collection and tabulation purposes only; their depiction and designation for statistical purposes do not constitute a determination of jurisdictional authority or rights of ownership or entitlement and they are not legal land descriptions.</distliab>
		<stdorder>
			<digform>
				<digtinfo>
					<formname>TGRSHP (compressed)</formname>
					<filedec>PK-ZIP, version 1.93 A or higher</filedec>
				</digtinfo>
				<digtopt>
					<onlinopt>
						<computer>
							<networka>
								<networkr>http://www2.census.gov/geo/tiger/TIGER2016/COUNTY/tl_2016_us_county.zip</networkr>
							</networka>
						</computer>
					</onlinopt>
				</digtopt>
			</digform>
			<fees>The online copy of the TIGER/Line Shapefiles may be accessed without charge.</fees>
			<ordering>To obtain more information about ordering TIGER/Line Shapefiles visit http://www.census.gov/geo/www/tiger </ordering>
		</stdorder>
		<techpreq>The TIGER/Line shapefiles contain geographic data only and do not include display mapping software or statistical data.  For information on how to use the TIGER/Line shapefile data with specific software package users shall contact the company that produced the software.</techpreq>
	</distinfo>
	<metainfo>
		<metd>20160601</metd>
		<metc>
			<cntinfo>
				<cntorgp>
					<cntorg>U.S. Department of Commerce, U.S. Census Bureau, Geography Division, Spatial Data Collection and Products Branch</cntorg>
				</cntorgp>
				<cntaddr>
					<addrtype>mailing</addrtype>
					<address>4600 Silver Hill Road, Stop 7400</address>
					<city>Washington</city>
					<state>DC</state>
					<postal>20233-7400</postal>
					<country>United States</country>
				</cntaddr>
				<cntvoice>301-763-1128</cntvoice>
				<cntfax>301-763-4710</cntfax>
				<cntemail>geo.geography@census.gov</cntemail>
			</cntinfo>
		</metc>
		<metstdn>FGDC Content Standards for Digital Geospatial Metadata</metstdn>
		<metstdv>FGDC-STD-001-1998</metstdv>
	</metainfo>
	<Esri><CreaDate>20170210</CreaDate><CreaTime>13280900</CreaTime><ArcGISFormat>1.0</ArcGISFormat><SyncOnce>FALSE</SyncOnce><DataProperties><itemProps><itemName Sync="TRUE">utah_extras_Merge</itemName><imsContentType Sync="TRUE">002</imsContentType><itemLocation><linkage Sync="TRUE">file://\\GIOSJ6WHVL1\C$\Users\bzruiz\Documents\ArcGIS\Default.gdb</linkage><protocol Sync="TRUE">Local Area Network</protocol></itemLocation></itemProps><coordRef><type Sync="TRUE">Geographic</type><geogcsn Sync="TRUE">GCS_North_American_1983</geogcsn><csUnits Sync="TRUE">Angular Unit: Degree (0.017453)</csUnits><peXml Sync="TRUE">&lt;GeographicCoordinateSystem xsi:type='typens:GeographicCoordinateSystem' xmlns:xsi='http://www.w3.org/2001/XMLSchema-instance' xmlns:xs='http://www.w3.org/2001/XMLSchema' xmlns:typens='http://www.esri.com/schemas/ArcGIS/10.3'&gt;&lt;WKT&gt;GEOGCS[&amp;quot;GCS_North_American_1983&amp;quot;,DATUM[&amp;quot;D_North_American_1983&amp;quot;,SPHEROID[&amp;quot;GRS_1980&amp;quot;,6378137.0,298.257222101]],PRIMEM[&amp;quot;Greenwich&amp;quot;,0.0],UNIT[&amp;quot;Degree&amp;quot;,0.0174532925199433],AUTHORITY[&amp;quot;EPSG&amp;quot;,4269]]&lt;/WKT&gt;&lt;XOrigin&gt;-400&lt;/XOrigin&gt;&lt;YOrigin&gt;-400&lt;/YOrigin&gt;&lt;XYScale&gt;1111948722.2222221&lt;/XYScale&gt;&lt;ZOrigin&gt;-100000&lt;/ZOrigin&gt;&lt;ZScale&gt;10000&lt;/ZScale&gt;&lt;MOrigin&gt;-100000&lt;/MOrigin&gt;&lt;MScale&gt;10000&lt;/MScale&gt;&lt;XYTolerance&gt;8.9831528411952133e-009&lt;/XYTolerance&gt;&lt;ZTolerance&gt;0.001&lt;/ZTolerance&gt;&lt;MTolerance&gt;0.001&lt;/MTolerance&gt;&lt;HighPrecision&gt;true&lt;/HighPrecision&gt;&lt;LeftLongitude&gt;-180&lt;/LeftLongitude&gt;&lt;WKID&gt;4269&lt;/WKID&gt;&lt;LatestWKID&gt;4269&lt;/LatestWKID&gt;&lt;/GeographicCoordinateSystem&gt;</peXml></coordRef></DataProperties><SyncDate>20170203</SyncDate><SyncTime>14312500</SyncTime><ModDate>20170203</ModDate><ModTime>14312500</ModTime></Esri><dataIdInfo><envirDesc Sync="TRUE">Microsoft Windows 7 Version 6.1 (Build 7601) Service Pack 1; Esri ArcGIS 10.3.0.4322</envirDesc><dataLang><languageCode value="eng" Sync="TRUE"></languageCode><countryCode value="USA" Sync="TRUE"></countryCode></dataLang><idCitation><resTitle Sync="TRUE">utah_extras_Merge</resTitle><presForm><PresFormCd value="005" Sync="TRUE"></PresFormCd></presForm></idCitation><spatRpType><SpatRepTypCd value="001" Sync="TRUE"></SpatRepTypCd></spatRpType></dataIdInfo><mdLang><languageCode value="eng" Sync="TRUE"></languageCode><countryCode value="USA" Sync="TRUE"></countryCode></mdLang><distInfo><distFormat><formatName Sync="TRUE">File Geodatabase Feature Class</formatName></distFormat></distInfo><mdHrLv><ScopeCd value="005" Sync="TRUE"></ScopeCd></mdHrLv><mdHrLvName Sync="TRUE">dataset</mdHrLvName><refSysInfo><RefSystem><refSysID><identCode code="4269" Sync="TRUE"></identCode><idCodeSpace Sync="TRUE">EPSG</idCodeSpace><idVersion Sync="TRUE">8.2.6</idVersion></refSysID></RefSystem></refSysInfo><spatRepInfo><VectSpatRep><geometObjs Name="utah_extras_Merge"><geoObjTyp><GeoObjTypCd value="002" Sync="TRUE"></GeoObjTypCd></geoObjTyp><geoObjCnt Sync="TRUE">0</geoObjCnt></geometObjs><topLvl><TopoLevCd value="001" Sync="TRUE"></TopoLevCd></topLvl></VectSpatRep></spatRepInfo><mdDateSt Sync="TRUE">20170203</mdDateSt></metadata>
