RC,YR,POP,USUR,USAL,UGW,UREC,URES,UIND,UTOT,UPOP,ASUR,ASAL,AGW,AREC,ATOT,ISUR,ISAL,IGW,IREC,ITOT,PSUR,PSAL,PGW,PREC,PTOT,SUR,SAL,GW,REC,ALL,PGEN,SC,SN,CC,CN
1,2010,20972.319,1889.18,0,1707.78,225.75,3739.57,106.28,3822.71,19792.75,634.92,0,522.72,52.77,1210.41,7.58,0.03,306.44,32.44,346.49,4.47,3997.44,17.53,0,4019.44,2536.15,3997.47,2554.47,310.96,9399.05,32542.88,6,Califor,37,Los Angeles Count
1,2010,20972.319,1889.18,0,1707.78,225.75,3739.57,106.28,3822.71,19792.75,634.92,0,522.72,52.77,1210.41,7.58,0.03,306.44,32.44,346.49,4.47,3997.44,17.53,0,4019.44,2536.15,3997.47,2554.47,310.96,9399.05,32542.88,6,Califor,59,Orange County
1,2010,20972.319,1889.18,0,1707.78,225.75,3739.57,106.28,3822.71,19792.75,634.92,0,522.72,52.77,1210.41,7.58,0.03,306.44,32.44,346.49,4.47,3997.44,17.53,0,4019.44,2536.15,3997.47,2554.47,310.96,9399.05,32542.88,6,Califor,65,Riverside County
1,2010,20972.319,1889.18,0,1707.78,225.75,3739.57,106.28,3822.71,19792.75,634.92,0,522.72,52.77,1210.41,7.58,0.03,306.44,32.44,346.49,4.47,3997.44,17.53,0,4019.44,2536.15,3997.47,2554.47,310.96,9399.05,32542.88,6,Califor,71,San Bernardino Co
1,2010,20972.319,1889.18,0,1707.78,225.75,3739.57,106.28,3822.71,19792.75,634.92,0,522.72,52.77,1210.41,7.58,0.03,306.44,32.44,346.49,4.47,3997.44,17.53,0,4019.44,2536.15,3997.47,2554.47,310.96,9399.05,32542.88,6,Califor,73,San Diego County
1,2010,20972.319,1889.18,0,1707.78,225.75,3739.57,106.28,3822.71,19792.75,634.92,0,522.72,52.77,1210.41,7.58,0.03,306.44,32.44,346.49,4.47,3997.44,17.53,0,4019.44,2536.15,3997.47,2554.47,310.96,9399.05,32542.88,6,Califor,111,Ventura County
2,2010,174.528,30.57,0,2.23,0,32.22,1.75,32.8,156.35,1079.82,0,16.46,0,1096.28,0,0,7.38,0,7.38,22.5,0,0,0,22.5,1132.89,0,26.07,0,1158.96,3810.89,6,Califor,25,Imperial County
3,2010,16107.109,1581.93,0,1258.95,130.04,2882.72,149.85,2970.92,14828.82,13561.27,0,8231.21,55.94,21848.42,5.8,0.02,345.57,50.1,401.49,5.25,2489.85,64.06,0,2559.16,15154.25,2489.87,9899.79,236.08,27779.99,49077.82,6,Califor,1,Alameda County
3,2010,16107.109,1581.93,0,1258.95,130.04,2882.72,149.85,2970.92,14828.82,13561.27,0,8231.21,55.94,21848.42,5.8,0.02,345.57,50.1,401.49,5.25,2489.85,64.06,0,2559.16,15154.25,2489.87,9899.79,236.08,27779.99,49077.82,6,Califor,3,Alpine County
3,2010,16107.109,1581.93,0,1258.95,130.04,2882.72,149.85,2970.92,14828.82,13561.27,0,8231.21,55.94,21848.42,5.8,0.02,345.57,50.1,401.49,5.25,2489.85,64.06,0,2559.16,15154.25,2489.87,9899.79,236.08,27779.99,49077.82,6,Califor,5,Amador County
3,2010,16107.109,1581.93,0,1258.95,130.04,2882.72,149.85,2970.92,14828.82,13561.27,0,8231.21,55.94,21848.42,5.8,0.02,345.57,50.1,401.49,5.25,2489.85,64.06,0,2559.16,15154.25,2489.87,9899.79,236.08,27779.99,49077.82,6,Califor,7,Butte County
3,2010,16107.109,1581.93,0,1258.95,130.04,2882.72,149.85,2970.92,14828.82,13561.27,0,8231.21,55.94,21848.42,5.8,0.02,345.57,50.1,401.49,5.25,2489.85,64.06,0,2559.16,15154.25,2489.87,9899.79,236.08,27779.99,49077.82,6,Califor,9,Calaveras County
3,2010,16107.109,1581.93,0,1258.95,130.04,2882.72,149.85,2970.92,14828.82,13561.27,0,8231.21,55.94,21848.42,5.8,0.02,345.57,50.1,401.49,5.25,2489.85,64.06,0,2559.16,15154.25,2489.87,9899.79,236.08,27779.99,49077.82,6,Califor,11,Colusa County
3,2010,16107.109,1581.93,0,1258.95,130.04,2882.72,149.85,2970.92,14828.82,13561.27,0,8231.21,55.94,21848.42,5.8,0.02,345.57,50.1,401.49,5.25,2489.85,64.06,0,2559.16,15154.25,2489.87,9899.79,236.08,27779.99,49077.82,6,Califor,13,Contra Costa Coun
3,2010,16107.109,1581.93,0,1258.95,130.04,2882.72,149.85,2970.92,14828.82,13561.27,0,8231.21,55.94,21848.42,5.8,0.02,345.57,50.1,401.49,5.25,2489.85,64.06,0,2559.16,15154.25,2489.87,9899.79,236.08,27779.99,49077.82,6,Califor,15,Del Norte County
3,2010,16107.109,1581.93,0,1258.95,130.04,2882.72,149.85,2970.92,14828.82,13561.27,0,8231.21,55.94,21848.42,5.8,0.02,345.57,50.1,401.49,5.25,2489.85,64.06,0,2559.16,15154.25,2489.87,9899.79,236.08,27779.99,49077.82,6,Califor,17,El Dorado County
3,2010,16107.109,1581.93,0,1258.95,130.04,2882.72,149.85,2970.92,14828.82,13561.27,0,8231.21,55.94,21848.42,5.8,0.02,345.57,50.1,401.49,5.25,2489.85,64.06,0,2559.16,15154.25,2489.87,9899.79,236.08,27779.99,49077.82,6,Califor,19,Fresno County
3,2010,16107.109,1581.93,0,1258.95,130.04,2882.72,149.85,2970.92,14828.82,13561.27,0,8231.21,55.94,21848.42,5.8,0.02,345.57,50.1,401.49,5.25,2489.85,64.06,0,2559.16,15154.25,2489.87,9899.79,236.08,27779.99,49077.82,6,Califor,21,Glenn County
3,2010,16107.109,1581.93,0,1258.95,130.04,2882.72,149.85,2970.92,14828.82,13561.27,0,8231.21,55.94,21848.42,5.8,0.02,345.57,50.1,401.49,5.25,2489.85,64.06,0,2559.16,15154.25,2489.87,9899.79,236.08,27779.99,49077.82,6,Califor,23,Humboldt County
3,2010,16107.109,1581.93,0,1258.95,130.04,2882.72,149.85,2970.92,14828.82,13561.27,0,8231.21,55.94,21848.42,5.8,0.02,345.57,50.1,401.49,5.25,2489.85,64.06,0,2559.16,15154.25,2489.87,9899.79,236.08,27779.99,49077.82,6,Califor,27,Inyo County
3,2010,16107.109,1581.93,0,1258.95,130.04,2882.72,149.85,2970.92,14828.82,13561.27,0,8231.21,55.94,21848.42,5.8,0.02,345.57,50.1,401.49,5.25,2489.85,64.06,0,2559.16,15154.25,2489.87,9899.79,236.08,27779.99,49077.82,6,Califor,29,Kern County
3,2010,16107.109,1581.93,0,1258.95,130.04,2882.72,149.85,2970.92,14828.82,13561.27,0,8231.21,55.94,21848.42,5.8,0.02,345.57,50.1,401.49,5.25,2489.85,64.06,0,2559.16,15154.25,2489.87,9899.79,236.08,27779.99,49077.82,6,Califor,31,Kings County
3,2010,16107.109,1581.93,0,1258.95,130.04,2882.72,149.85,2970.92,14828.82,13561.27,0,8231.21,55.94,21848.42,5.8,0.02,345.57,50.1,401.49,5.25,2489.85,64.06,0,2559.16,15154.25,2489.87,9899.79,236.08,27779.99,49077.82,6,Califor,33,Lake County
3,2010,16107.109,1581.93,0,1258.95,130.04,2882.72,149.85,2970.92,14828.82,13561.27,0,8231.21,55.94,21848.42,5.8,0.02,345.57,50.1,401.49,5.25,2489.85,64.06,0,2559.16,15154.25,2489.87,9899.79,236.08,27779.99,49077.82,6,Califor,35,Lassen County
3,2010,16107.109,1581.93,0,1258.95,130.04,2882.72,149.85,2970.92,14828.82,13561.27,0,8231.21,55.94,21848.42,5.8,0.02,345.57,50.1,401.49,5.25,2489.85,64.06,0,2559.16,15154.25,2489.87,9899.79,236.08,27779.99,49077.82,6,Califor,39,Madera County
3,2010,16107.109,1581.93,0,1258.95,130.04,2882.72,149.85,2970.92,14828.82,13561.27,0,8231.21,55.94,21848.42,5.8,0.02,345.57,50.1,401.49,5.25,2489.85,64.06,0,2559.16,15154.25,2489.87,9899.79,236.08,27779.99,49077.82,6,Califor,41,Marin County
3,2010,16107.109,1581.93,0,1258.95,130.04,2882.72,149.85,2970.92,14828.82,13561.27,0,8231.21,55.94,21848.42,5.8,0.02,345.57,50.1,401.49,5.25,2489.85,64.06,0,2559.16,15154.25,2489.87,9899.79,236.08,27779.99,49077.82,6,Califor,43,Mariposa County
3,2010,16107.109,1581.93,0,1258.95,130.04,2882.72,149.85,2970.92,14828.82,13561.27,0,8231.21,55.94,21848.42,5.8,0.02,345.57,50.1,401.49,5.25,2489.85,64.06,0,2559.16,15154.25,2489.87,9899.79,236.08,27779.99,49077.82,6,Califor,45,Mendocino County
3,2010,16107.109,1581.93,0,1258.95,130.04,2882.72,149.85,2970.92,14828.82,13561.27,0,8231.21,55.94,21848.42,5.8,0.02,345.57,50.1,401.49,5.25,2489.85,64.06,0,2559.16,15154.25,2489.87,9899.79,236.08,27779.99,49077.82,6,Califor,47,Merced County
3,2010,16107.109,1581.93,0,1258.95,130.04,2882.72,149.85,2970.92,14828.82,13561.27,0,8231.21,55.94,21848.42,5.8,0.02,345.57,50.1,401.49,5.25,2489.85,64.06,0,2559.16,15154.25,2489.87,9899.79,236.08,27779.99,49077.82,6,Califor,49,Modoc County
3,2010,16107.109,1581.93,0,1258.95,130.04,2882.72,149.85,2970.92,14828.82,13561.27,0,8231.21,55.94,21848.42,5.8,0.02,345.57,50.1,401.49,5.25,2489.85,64.06,0,2559.16,15154.25,2489.87,9899.79,236.08,27779.99,49077.82,6,Califor,51,Mono County
3,2010,16107.109,1581.93,0,1258.95,130.04,2882.72,149.85,2970.92,14828.82,13561.27,0,8231.21,55.94,21848.42,5.8,0.02,345.57,50.1,401.49,5.25,2489.85,64.06,0,2559.16,15154.25,2489.87,9899.79,236.08,27779.99,49077.82,6,Califor,53,Monterey County
3,2010,16107.109,1581.93,0,1258.95,130.04,2882.72,149.85,2970.92,14828.82,13561.27,0,8231.21,55.94,21848.42,5.8,0.02,345.57,50.1,401.49,5.25,2489.85,64.06,0,2559.16,15154.25,2489.87,9899.79,236.08,27779.99,49077.82,6,Califor,55,Napa County
3,2010,16107.109,1581.93,0,1258.95,130.04,2882.72,149.85,2970.92,14828.82,13561.27,0,8231.21,55.94,21848.42,5.8,0.02,345.57,50.1,401.49,5.25,2489.85,64.06,0,2559.16,15154.25,2489.87,9899.79,236.08,27779.99,49077.82,6,Califor,57,Nevada County
3,2010,16107.109,1581.93,0,1258.95,130.04,2882.72,149.85,2970.92,14828.82,13561.27,0,8231.21,55.94,21848.42,5.8,0.02,345.57,50.1,401.49,5.25,2489.85,64.06,0,2559.16,15154.25,2489.87,9899.79,236.08,27779.99,49077.82,6,Califor,61,Placer County
3,2010,16107.109,1581.93,0,1258.95,130.04,2882.72,149.85,2970.92,14828.82,13561.27,0,8231.21,55.94,21848.42,5.8,0.02,345.57,50.1,401.49,5.25,2489.85,64.06,0,2559.16,15154.25,2489.87,9899.79,236.08,27779.99,49077.82,6,Califor,63,Plumas County
3,2010,16107.109,1581.93,0,1258.95,130.04,2882.72,149.85,2970.92,14828.82,13561.27,0,8231.21,55.94,21848.42,5.8,0.02,345.57,50.1,401.49,5.25,2489.85,64.06,0,2559.16,15154.25,2489.87,9899.79,236.08,27779.99,49077.82,6,Califor,67,Sacramento County
3,2010,16107.109,1581.93,0,1258.95,130.04,2882.72,149.85,2970.92,14828.82,13561.27,0,8231.21,55.94,21848.42,5.8,0.02,345.57,50.1,401.49,5.25,2489.85,64.06,0,2559.16,15154.25,2489.87,9899.79,236.08,27779.99,49077.82,6,Califor,69,San Benito County
3,2010,16107.109,1581.93,0,1258.95,130.04,2882.72,149.85,2970.92,14828.82,13561.27,0,8231.21,55.94,21848.42,5.8,0.02,345.57,50.1,401.49,5.25,2489.85,64.06,0,2559.16,15154.25,2489.87,9899.79,236.08,27779.99,49077.82,6,Califor,75,San Francisco Cou
3,2010,16107.109,1581.93,0,1258.95,130.04,2882.72,149.85,2970.92,14828.82,13561.27,0,8231.21,55.94,21848.42,5.8,0.02,345.57,50.1,401.49,5.25,2489.85,64.06,0,2559.16,15154.25,2489.87,9899.79,236.08,27779.99,49077.82,6,Califor,77,San Joaquin Count
3,2010,16107.109,1581.93,0,1258.95,130.04,2882.72,149.85,2970.92,14828.82,13561.27,0,8231.21,55.94,21848.42,5.8,0.02,345.57,50.1,401.49,5.25,2489.85,64.06,0,2559.16,15154.25,2489.87,9899.79,236.08,27779.99,49077.82,6,Califor,79,San Luis Obispo C
3,2010,16107.109,1581.93,0,1258.95,130.04,2882.72,149.85,2970.92,14828.82,13561.27,0,8231.21,55.94,21848.42,5.8,0.02,345.57,50.1,401.49,5.25,2489.85,64.06,0,2559.16,15154.25,2489.87,9899.79,236.08,27779.99,49077.82,6,Califor,81,San Mateo County
3,2010,16107.109,1581.93,0,1258.95,130.04,2882.72,149.85,2970.92,14828.82,13561.27,0,8231.21,55.94,21848.42,5.8,0.02,345.57,50.1,401.49,5.25,2489.85,64.06,0,2559.16,15154.25,2489.87,9899.79,236.08,27779.99,49077.82,6,Califor,83,Santa Barbara Cou
3,2010,16107.109,1581.93,0,1258.95,130.04,2882.72,149.85,2970.92,14828.82,13561.27,0,8231.21,55.94,21848.42,5.8,0.02,345.57,50.1,401.49,5.25,2489.85,64.06,0,2559.16,15154.25,2489.87,9899.79,236.08,27779.99,49077.82,6,Califor,85,Santa Clara Count
3,2010,16107.109,1581.93,0,1258.95,130.04,2882.72,149.85,2970.92,14828.82,13561.27,0,8231.21,55.94,21848.42,5.8,0.02,345.57,50.1,401.49,5.25,2489.85,64.06,0,2559.16,15154.25,2489.87,9899.79,236.08,27779.99,49077.82,6,Califor,87,Santa Cruz County
3,2010,16107.109,1581.93,0,1258.95,130.04,2882.72,149.85,2970.92,14828.82,13561.27,0,8231.21,55.94,21848.42,5.8,0.02,345.57,50.1,401.49,5.25,2489.85,64.06,0,2559.16,15154.25,2489.87,9899.79,236.08,27779.99,49077.82,6,Califor,89,Shasta County
3,2010,16107.109,1581.93,0,1258.95,130.04,2882.72,149.85,2970.92,14828.82,13561.27,0,8231.21,55.94,21848.42,5.8,0.02,345.57,50.1,401.49,5.25,2489.85,64.06,0,2559.16,15154.25,2489.87,9899.79,236.08,27779.99,49077.82,6,Califor,91,Sierra County
3,2010,16107.109,1581.93,0,1258.95,130.04,2882.72,149.85,2970.92,14828.82,13561.27,0,8231.21,55.94,21848.42,5.8,0.02,345.57,50.1,401.49,5.25,2489.85,64.06,0,2559.16,15154.25,2489.87,9899.79,236.08,27779.99,49077.82,6,Califor,93,Siskiyou County
3,2010,16107.109,1581.93,0,1258.95,130.04,2882.72,149.85,2970.92,14828.82,13561.27,0,8231.21,55.94,21848.42,5.8,0.02,345.57,50.1,401.49,5.25,2489.85,64.06,0,2559.16,15154.25,2489.87,9899.79,236.08,27779.99,49077.82,6,Califor,95,Solano County
3,2010,16107.109,1581.93,0,1258.95,130.04,2882.72,149.85,2970.92,14828.82,13561.27,0,8231.21,55.94,21848.42,5.8,0.02,345.57,50.1,401.49,5.25,2489.85,64.06,0,2559.16,15154.25,2489.87,9899.79,236.08,27779.99,49077.82,6,Califor,97,Sonoma County
3,2010,16107.109,1581.93,0,1258.95,130.04,2882.72,149.85,2970.92,14828.82,13561.27,0,8231.21,55.94,21848.42,5.8,0.02,345.57,50.1,401.49,5.25,2489.85,64.06,0,2559.16,15154.25,2489.87,9899.79,236.08,27779.99,49077.82,6,Califor,99,Stanislaus County
3,2010,16107.109,1581.93,0,1258.95,130.04,2882.72,149.85,2970.92,14828.82,13561.27,0,8231.21,55.94,21848.42,5.8,0.02,345.57,50.1,401.49,5.25,2489.85,64.06,0,2559.16,15154.25,2489.87,9899.79,236.08,27779.99,49077.82,6,Califor,101,Sutter County
3,2010,16107.109,1581.93,0,1258.95,130.04,2882.72,149.85,2970.92,14828.82,13561.27,0,8231.21,55.94,21848.42,5.8,0.02,345.57,50.1,401.49,5.25,2489.85,64.06,0,2559.16,15154.25,2489.87,9899.79,236.08,27779.99,49077.82,6,Califor,103,Tehama County
3,2010,16107.109,1581.93,0,1258.95,130.04,2882.72,149.85,2970.92,14828.82,13561.27,0,8231.21,55.94,21848.42,5.8,0.02,345.57,50.1,401.49,5.25,2489.85,64.06,0,2559.16,15154.25,2489.87,9899.79,236.08,27779.99,49077.82,6,Califor,105,Trinity County
3,2010,16107.109,1581.93,0,1258.95,130.04,2882.72,149.85,2970.92,14828.82,13561.27,0,8231.21,55.94,21848.42,5.8,0.02,345.57,50.1,401.49,5.25,2489.85,64.06,0,2559.16,15154.25,2489.87,9899.79,236.08,27779.99,49077.82,6,Califor,107,Tulare County
3,2010,16107.109,1581.93,0,1258.95,130.04,2882.72,149.85,2970.92,14828.82,13561.27,0,8231.21,55.94,21848.42,5.8,0.02,345.57,50.1,401.49,5.25,2489.85,64.06,0,2559.16,15154.25,2489.87,9899.79,236.08,27779.99,49077.82,6,Califor,109,Tuolumne County
3,2010,16107.109,1581.93,0,1258.95,130.04,2882.72,149.85,2970.92,14828.82,13561.27,0,8231.21,55.94,21848.42,5.8,0.02,345.57,50.1,401.49,5.25,2489.85,64.06,0,2559.16,15154.25,2489.87,9899.79,236.08,27779.99,49077.82,6,Califor,113,Yolo County
3,2010,16107.109,1581.93,0,1258.95,130.04,2882.72,149.85,2970.92,14828.82,13561.27,0,8231.21,55.94,21848.42,5.8,0.02,345.57,50.1,401.49,5.25,2489.85,64.06,0,2559.16,15154.25,2489.87,9899.79,236.08,27779.99,49077.82,6,Califor,115,Yuba County
4,2010,1951.269,386.79,0,67.31,0,439.43,0,454.1,1877.94,4.43,0,10.04,2.21,16.68,7.19,0,2.89,0,10.08,3.04,0,4.95,0,7.99,401.45,0,85.19,2.21,488.85,3579.67,32,Nevada,3,Clark County
5,2010,749.282,61.01,0,95.51,0,141.38,0,156.52,664.63,955.15,0,648.03,1.34,1604.52,1.45,0,340.1,0,341.55,0.64,0,23.93,0,24.57,1018.25,0,1107.57,1.34,2127.16,6408.63,32,Nevada,1,Churchill County
5,2010,749.282,61.01,0,95.51,0,141.38,0,156.52,664.63,955.15,0,648.03,1.34,1604.52,1.45,0,340.1,0,341.55,0.64,0,23.93,0,24.57,1018.25,0,1107.57,1.34,2127.16,6408.63,32,Nevada,5,Douglas County
5,2010,749.282,61.01,0,95.51,0,141.38,0,156.52,664.63,955.15,0,648.03,1.34,1604.52,1.45,0,340.1,0,341.55,0.64,0,23.93,0,24.57,1018.25,0,1107.57,1.34,2127.16,6408.63,32,Nevada,7,Elko County
5,2010,749.282,61.01,0,95.51,0,141.38,0,156.52,664.63,955.15,0,648.03,1.34,1604.52,1.45,0,340.1,0,341.55,0.64,0,23.93,0,24.57,1018.25,0,1107.57,1.34,2127.16,6408.63,32,Nevada,9,Esmeralda County
5,2010,749.282,61.01,0,95.51,0,141.38,0,156.52,664.63,955.15,0,648.03,1.34,1604.52,1.45,0,340.1,0,341.55,0.64,0,23.93,0,24.57,1018.25,0,1107.57,1.34,2127.16,6408.63,32,Nevada,11,Eureka County
5,2010,749.282,61.01,0,95.51,0,141.38,0,156.52,664.63,955.15,0,648.03,1.34,1604.52,1.45,0,340.1,0,341.55,0.64,0,23.93,0,24.57,1018.25,0,1107.57,1.34,2127.16,6408.63,32,Nevada,13,Humboldt County
5,2010,749.282,61.01,0,95.51,0,141.38,0,156.52,664.63,955.15,0,648.03,1.34,1604.52,1.45,0,340.1,0,341.55,0.64,0,23.93,0,24.57,1018.25,0,1107.57,1.34,2127.16,6408.63,32,Nevada,15,Lander County
5,2010,749.282,61.01,0,95.51,0,141.38,0,156.52,664.63,955.15,0,648.03,1.34,1604.52,1.45,0,340.1,0,341.55,0.64,0,23.93,0,24.57,1018.25,0,1107.57,1.34,2127.16,6408.63,32,Nevada,17,Lincoln County
5,2010,749.282,61.01,0,95.51,0,141.38,0,156.52,664.63,955.15,0,648.03,1.34,1604.52,1.45,0,340.1,0,341.55,0.64,0,23.93,0,24.57,1018.25,0,1107.57,1.34,2127.16,6408.63,32,Nevada,19,Lyon County
5,2010,749.282,61.01,0,95.51,0,141.38,0,156.52,664.63,955.15,0,648.03,1.34,1604.52,1.45,0,340.1,0,341.55,0.64,0,23.93,0,24.57,1018.25,0,1107.57,1.34,2127.16,6408.63,32,Nevada,21,Mineral County
5,2010,749.282,61.01,0,95.51,0,141.38,0,156.52,664.63,955.15,0,648.03,1.34,1604.52,1.45,0,340.1,0,341.55,0.64,0,23.93,0,24.57,1018.25,0,1107.57,1.34,2127.16,6408.63,32,Nevada,23,Nye County
5,2010,749.282,61.01,0,95.51,0,141.38,0,156.52,664.63,955.15,0,648.03,1.34,1604.52,1.45,0,340.1,0,341.55,0.64,0,23.93,0,24.57,1018.25,0,1107.57,1.34,2127.16,6408.63,32,Nevada,27,Pershing County
5,2010,749.282,61.01,0,95.51,0,141.38,0,156.52,664.63,955.15,0,648.03,1.34,1604.52,1.45,0,340.1,0,341.55,0.64,0,23.93,0,24.57,1018.25,0,1107.57,1.34,2127.16,6408.63,32,Nevada,29,Storey County
5,2010,749.282,61.01,0,95.51,0,141.38,0,156.52,664.63,955.15,0,648.03,1.34,1604.52,1.45,0,340.1,0,341.55,0.64,0,23.93,0,24.57,1018.25,0,1107.57,1.34,2127.16,6408.63,32,Nevada,31,Washoe County
5,2010,749.282,61.01,0,95.51,0,141.38,0,156.52,664.63,955.15,0,648.03,1.34,1604.52,1.45,0,340.1,0,341.55,0.64,0,23.93,0,24.57,1018.25,0,1107.57,1.34,2127.16,6408.63,32,Nevada,33,White Pine County
5,2010,749.282,61.01,0,95.51,0,141.38,0,156.52,664.63,955.15,0,648.03,1.34,1604.52,1.45,0,340.1,0,341.55,0.64,0,23.93,0,24.57,1018.25,0,1107.57,1.34,2127.16,6408.63,32,Nevada,510,Carson City City
6,2010,416.449,23.01,0,60.28,0,79.74,0,83.29,392.47,1621.44,0,242.54,3.93,1867.91,0,0,0.4,0,0.4,0.71,0,2.92,0,3.63,1645.16,0,306.14,3.93,1955.23,1477.75,4,Arizona,12,La Paz County
6,2010,416.449,23.01,0,60.28,0,79.74,0,83.29,392.47,1621.44,0,242.54,3.93,1867.91,0,0,0.4,0,0.4,0.71,0,2.92,0,3.63,1645.16,0,306.14,3.93,1955.23,1477.75,4,Arizona,15,Mohave County
6,2010,416.449,23.01,0,60.28,0,79.74,0,83.29,392.47,1621.44,0,242.54,3.93,1867.91,0,0,0.4,0,0.4,0.71,0,2.92,0,3.63,1645.16,0,306.14,3.93,1955.23,1477.75,4,Arizona,27,Yuma County
7,2010,5173.443,596.06,0,450.64,0,1036.13,0,1046.7,5097.75,1134.05,0,1132.51,113.21,2379.77,0,0,43.54,0,43.54,5.05,0,27.24,0,32.29,1735.16,0,1653.93,113.21,3502.3,41970.02,4,Arizona,13,Maricopa County
7,2010,5173.443,596.06,0,450.64,0,1036.13,0,1046.7,5097.75,1134.05,0,1132.51,113.21,2379.77,0,0,43.54,0,43.54,5.05,0,27.24,0,32.29,1735.16,0,1653.93,113.21,3502.3,41970.02,4,Arizona,19,Pima County
7,2010,5173.443,596.06,0,450.64,0,1036.13,0,1046.7,5097.75,1134.05,0,1132.51,113.21,2379.77,0,0,43.54,0,43.54,5.05,0,27.24,0,32.29,1735.16,0,1653.93,113.21,3502.3,41970.02,4,Arizona,21,Pinal County
8,2010,802.441,9.28,0,101.33,0,97.55,0,110.61,683.95,127.76,0,345.8,11.69,485.25,0,0,55.59,0,55.59,21.38,0,47.12,0,68.5,158.42,0,549.84,11.69,719.95,43221.94,4,Arizona,1,Apache County
8,2010,802.441,9.28,0,101.33,0,97.55,0,110.61,683.95,127.76,0,345.8,11.69,485.25,0,0,55.59,0,55.59,21.38,0,47.12,0,68.5,158.42,0,549.84,11.69,719.95,43221.94,4,Arizona,3,Cochise County
8,2010,802.441,9.28,0,101.33,0,97.55,0,110.61,683.95,127.76,0,345.8,11.69,485.25,0,0,55.59,0,55.59,21.38,0,47.12,0,68.5,158.42,0,549.84,11.69,719.95,43221.94,4,Arizona,5,Coconino County
8,2010,802.441,9.28,0,101.33,0,97.55,0,110.61,683.95,127.76,0,345.8,11.69,485.25,0,0,55.59,0,55.59,21.38,0,47.12,0,68.5,158.42,0,549.84,11.69,719.95,43221.94,4,Arizona,7,Gila County
8,2010,802.441,9.28,0,101.33,0,97.55,0,110.61,683.95,127.76,0,345.8,11.69,485.25,0,0,55.59,0,55.59,21.38,0,47.12,0,68.5,158.42,0,549.84,11.69,719.95,43221.94,4,Arizona,9,Graham County
8,2010,802.441,9.28,0,101.33,0,97.55,0,110.61,683.95,127.76,0,345.8,11.69,485.25,0,0,55.59,0,55.59,21.38,0,47.12,0,68.5,158.42,0,549.84,11.69,719.95,43221.94,4,Arizona,11,Greenlee County
8,2010,802.441,9.28,0,101.33,0,97.55,0,110.61,683.95,127.76,0,345.8,11.69,485.25,0,0,55.59,0,55.59,21.38,0,47.12,0,68.5,158.42,0,549.84,11.69,719.95,43221.94,4,Arizona,17,Navajo County
8,2010,802.441,9.28,0,101.33,0,97.55,0,110.61,683.95,127.76,0,345.8,11.69,485.25,0,0,55.59,0,55.59,21.38,0,47.12,0,68.5,158.42,0,549.84,11.69,719.95,43221.94,4,Arizona,23,Santa Cruz County
8,2010,802.441,9.28,0,101.33,0,97.55,0,110.61,683.95,127.76,0,345.8,11.69,485.25,0,0,55.59,0,55.59,21.38,0,47.12,0,68.5,158.42,0,549.84,11.69,719.95,43221.94,4,Arizona,25,Yavapai County
9,2010,1872.413,269.09,0,178.03,0,445.58,0,447.12,1863.2,354.33,0,67.38,2.05,423.76,0,33.1,44.82,0,77.92,0,0.47,5.87,0.51,6.85,623.42,33.57,296.1,2.56,955.65,5230.83,49,Utah,11,Davis County
9,2010,1872.413,269.09,0,178.03,0,445.58,0,447.12,1863.2,354.33,0,67.38,2.05,423.76,0,33.1,44.82,0,77.92,0,0.47,5.87,0.51,6.85,623.42,33.57,296.1,2.56,955.65,5230.83,49,Utah,23,Juab County
9,2010,1872.413,269.09,0,178.03,0,445.58,0,447.12,1863.2,354.33,0,67.38,2.05,423.76,0,33.1,44.82,0,77.92,0,0.47,5.87,0.51,6.85,623.42,33.57,296.1,2.56,955.65,5230.83,49,Utah,29,Morgan County
9,2010,1872.413,269.09,0,178.03,0,445.58,0,447.12,1863.2,354.33,0,67.38,2.05,423.76,0,33.1,44.82,0,77.92,0,0.47,5.87,0.51,6.85,623.42,33.57,296.1,2.56,955.65,5230.83,49,Utah,35,Salt Lake County
9,2010,1872.413,269.09,0,178.03,0,445.58,0,447.12,1863.2,354.33,0,67.38,2.05,423.76,0,33.1,44.82,0,77.92,0,0.47,5.87,0.51,6.85,623.42,33.57,296.1,2.56,955.65,5230.83,49,Utah,49,Utah County
10,2010,120.251,4.48,0,26.37,0,29.33,0,30.85,111.17,958.13,0,50.59,2.2,1010.92,0.73,0,9.58,0,10.31,25.36,0,7.26,0,32.62,988.7,0,93.8,2.2,1084.7,18499.4,49,Utah,13,Duchesne County
10,2010,120.251,4.48,0,26.37,0,29.33,0,30.85,111.17,958.13,0,50.59,2.2,1010.92,0.73,0,9.58,0,10.31,25.36,0,7.26,0,32.62,988.7,0,93.8,2.2,1084.7,18499.4,49,Utah,15,Emery County
10,2010,120.251,4.48,0,26.37,0,29.33,0,30.85,111.17,958.13,0,50.59,2.2,1010.92,0.73,0,9.58,0,10.31,25.36,0,7.26,0,32.62,988.7,0,93.8,2.2,1084.7,18499.4,49,Utah,17,Garfield County
10,2010,120.251,4.48,0,26.37,0,29.33,0,30.85,111.17,958.13,0,50.59,2.2,1010.92,0.73,0,9.58,0,10.31,25.36,0,7.26,0,32.62,988.7,0,93.8,2.2,1084.7,18499.4,49,Utah,31,Piute County
10,2010,120.251,4.48,0,26.37,0,29.33,0,30.85,111.17,958.13,0,50.59,2.2,1010.92,0.73,0,9.58,0,10.31,25.36,0,7.26,0,32.62,988.7,0,93.8,2.2,1084.7,18499.4,49,Utah,39,Sanpete County
10,2010,120.251,4.48,0,26.37,0,29.33,0,30.85,111.17,958.13,0,50.59,2.2,1010.92,0.73,0,9.58,0,10.31,25.36,0,7.26,0,32.62,988.7,0,93.8,2.2,1084.7,18499.4,49,Utah,47,Uintah County
10,2010,120.251,4.48,0,26.37,0,29.33,0,30.85,111.17,958.13,0,50.59,2.2,1010.92,0.73,0,9.58,0,10.31,25.36,0,7.26,0,32.62,988.7,0,93.8,2.2,1084.7,18499.4,49,Utah,51,Wasatch County
11,2010,771.221,35.27,0,168.2,0,198.09,0,203.47,739.03,1421.9,0,480.87,7.34,1910.11,17.27,204.64,58.47,0,280.38,20.22,0,21.38,0,41.6,1494.66,204.64,728.92,7.34,2435.56,15176.73,49,Utah,1,Beaver County
11,2010,771.221,35.27,0,168.2,0,198.09,0,203.47,739.03,1421.9,0,480.87,7.34,1910.11,17.27,204.64,58.47,0,280.38,20.22,0,21.38,0,41.6,1494.66,204.64,728.92,7.34,2435.56,15176.73,49,Utah,3,Box Elder County
11,2010,771.221,35.27,0,168.2,0,198.09,0,203.47,739.03,1421.9,0,480.87,7.34,1910.11,17.27,204.64,58.47,0,280.38,20.22,0,21.38,0,41.6,1494.66,204.64,728.92,7.34,2435.56,15176.73,49,Utah,5,Cache County
11,2010,771.221,35.27,0,168.2,0,198.09,0,203.47,739.03,1421.9,0,480.87,7.34,1910.11,17.27,204.64,58.47,0,280.38,20.22,0,21.38,0,41.6,1494.66,204.64,728.92,7.34,2435.56,15176.73,49,Utah,7,Carbon County
11,2010,771.221,35.27,0,168.2,0,198.09,0,203.47,739.03,1421.9,0,480.87,7.34,1910.11,17.27,204.64,58.47,0,280.38,20.22,0,21.38,0,41.6,1494.66,204.64,728.92,7.34,2435.56,15176.73,49,Utah,9,Daggett County
11,2010,771.221,35.27,0,168.2,0,198.09,0,203.47,739.03,1421.9,0,480.87,7.34,1910.11,17.27,204.64,58.47,0,280.38,20.22,0,21.38,0,41.6,1494.66,204.64,728.92,7.34,2435.56,15176.73,49,Utah,19,Grand County
11,2010,771.221,35.27,0,168.2,0,198.09,0,203.47,739.03,1421.9,0,480.87,7.34,1910.11,17.27,204.64,58.47,0,280.38,20.22,0,21.38,0,41.6,1494.66,204.64,728.92,7.34,2435.56,15176.73,49,Utah,21,Iron County
11,2010,771.221,35.27,0,168.2,0,198.09,0,203.47,739.03,1421.9,0,480.87,7.34,1910.11,17.27,204.64,58.47,0,280.38,20.22,0,21.38,0,41.6,1494.66,204.64,728.92,7.34,2435.56,15176.73,49,Utah,25,Kane County
11,2010,771.221,35.27,0,168.2,0,198.09,0,203.47,739.03,1421.9,0,480.87,7.34,1910.11,17.27,204.64,58.47,0,280.38,20.22,0,21.38,0,41.6,1494.66,204.64,728.92,7.34,2435.56,15176.73,49,Utah,27,Millard County
11,2010,771.221,35.27,0,168.2,0,198.09,0,203.47,739.03,1421.9,0,480.87,7.34,1910.11,17.27,204.64,58.47,0,280.38,20.22,0,21.38,0,41.6,1494.66,204.64,728.92,7.34,2435.56,15176.73,49,Utah,33,Rich County
11,2010,771.221,35.27,0,168.2,0,198.09,0,203.47,739.03,1421.9,0,480.87,7.34,1910.11,17.27,204.64,58.47,0,280.38,20.22,0,21.38,0,41.6,1494.66,204.64,728.92,7.34,2435.56,15176.73,49,Utah,37,San Juan County
11,2010,771.221,35.27,0,168.2,0,198.09,0,203.47,739.03,1421.9,0,480.87,7.34,1910.11,17.27,204.64,58.47,0,280.38,20.22,0,21.38,0,41.6,1494.66,204.64,728.92,7.34,2435.56,15176.73,49,Utah,41,Sevier County
11,2010,771.221,35.27,0,168.2,0,198.09,0,203.47,739.03,1421.9,0,480.87,7.34,1910.11,17.27,204.64,58.47,0,280.38,20.22,0,21.38,0,41.6,1494.66,204.64,728.92,7.34,2435.56,15176.73,49,Utah,43,Summit County
11,2010,771.221,35.27,0,168.2,0,198.09,0,203.47,739.03,1421.9,0,480.87,7.34,1910.11,17.27,204.64,58.47,0,280.38,20.22,0,21.38,0,41.6,1494.66,204.64,728.92,7.34,2435.56,15176.73,49,Utah,45,Tooele County
11,2010,771.221,35.27,0,168.2,0,198.09,0,203.47,739.03,1421.9,0,480.87,7.34,1910.11,17.27,204.64,58.47,0,280.38,20.22,0,21.38,0,41.6,1494.66,204.64,728.92,7.34,2435.56,15176.73,49,Utah,53,Washington Count
11,2010,771.221,35.27,0,168.2,0,198.09,0,203.47,739.03,1421.9,0,480.87,7.34,1910.11,17.27,204.64,58.47,0,280.38,20.22,0,21.38,0,41.6,1494.66,204.64,728.92,7.34,2435.56,15176.73,49,Utah,55,Wayne County
11,2010,771.221,35.27,0,168.2,0,198.09,0,203.47,739.03,1421.9,0,480.87,7.34,1910.11,17.27,204.64,58.47,0,280.38,20.22,0,21.38,0,41.6,1494.66,204.64,728.92,7.34,2435.56,15176.73,49,Utah,57,Weber County
12,2010,43.806,9.59,0,0.33,0,9.89,0,9.92,43.34,91.28,0,10.85,0,102.13,0.78,0,31.81,0,32.59,24.4,0,0,0,24.4,126.05,0,42.99,0,169.04,14828.91,56,Wyoming,37,Sweetwater County
13,2010,519.82,37.92,0,59.69,0,89.09,0,97.61,406.17,3869.92,0,432.5,0,4302.42,14.04,0,77.35,0,91.39,36.66,0,2.29,0,38.95,3958.54,0,571.83,0,4530.37,24819.17,56,Wyoming,1,Albany County
13,2010,519.82,37.92,0,59.69,0,89.09,0,97.61,406.17,3869.92,0,432.5,0,4302.42,14.04,0,77.35,0,91.39,36.66,0,2.29,0,38.95,3958.54,0,571.83,0,4530.37,24819.17,56,Wyoming,3,Big Horn County
13,2010,519.82,37.92,0,59.69,0,89.09,0,97.61,406.17,3869.92,0,432.5,0,4302.42,14.04,0,77.35,0,91.39,36.66,0,2.29,0,38.95,3958.54,0,571.83,0,4530.37,24819.17,56,Wyoming,5,Campbell County
13,2010,519.82,37.92,0,59.69,0,89.09,0,97.61,406.17,3869.92,0,432.5,0,4302.42,14.04,0,77.35,0,91.39,36.66,0,2.29,0,38.95,3958.54,0,571.83,0,4530.37,24819.17,56,Wyoming,7,Carbon County
13,2010,519.82,37.92,0,59.69,0,89.09,0,97.61,406.17,3869.92,0,432.5,0,4302.42,14.04,0,77.35,0,91.39,36.66,0,2.29,0,38.95,3958.54,0,571.83,0,4530.37,24819.17,56,Wyoming,9,Converse County
13,2010,519.82,37.92,0,59.69,0,89.09,0,97.61,406.17,3869.92,0,432.5,0,4302.42,14.04,0,77.35,0,91.39,36.66,0,2.29,0,38.95,3958.54,0,571.83,0,4530.37,24819.17,56,Wyoming,11,Crook County
13,2010,519.82,37.92,0,59.69,0,89.09,0,97.61,406.17,3869.92,0,432.5,0,4302.42,14.04,0,77.35,0,91.39,36.66,0,2.29,0,38.95,3958.54,0,571.83,0,4530.37,24819.17,56,Wyoming,13,Fremont County
13,2010,519.82,37.92,0,59.69,0,89.09,0,97.61,406.17,3869.92,0,432.5,0,4302.42,14.04,0,77.35,0,91.39,36.66,0,2.29,0,38.95,3958.54,0,571.83,0,4530.37,24819.17,56,Wyoming,15,Goshen County
13,2010,519.82,37.92,0,59.69,0,89.09,0,97.61,406.17,3869.92,0,432.5,0,4302.42,14.04,0,77.35,0,91.39,36.66,0,2.29,0,38.95,3958.54,0,571.83,0,4530.37,24819.17,56,Wyoming,17,Hot Springs Count
13,2010,519.82,37.92,0,59.69,0,89.09,0,97.61,406.17,3869.92,0,432.5,0,4302.42,14.04,0,77.35,0,91.39,36.66,0,2.29,0,38.95,3958.54,0,571.83,0,4530.37,24819.17,56,Wyoming,19,Johnson County
13,2010,519.82,37.92,0,59.69,0,89.09,0,97.61,406.17,3869.92,0,432.5,0,4302.42,14.04,0,77.35,0,91.39,36.66,0,2.29,0,38.95,3958.54,0,571.83,0,4530.37,24819.17,56,Wyoming,21,Laramie County
13,2010,519.82,37.92,0,59.69,0,89.09,0,97.61,406.17,3869.92,0,432.5,0,4302.42,14.04,0,77.35,0,91.39,36.66,0,2.29,0,38.95,3958.54,0,571.83,0,4530.37,24819.17,56,Wyoming,23,Lincoln County
13,2010,519.82,37.92,0,59.69,0,89.09,0,97.61,406.17,3869.92,0,432.5,0,4302.42,14.04,0,77.35,0,91.39,36.66,0,2.29,0,38.95,3958.54,0,571.83,0,4530.37,24819.17,56,Wyoming,25,Natrona County
13,2010,519.82,37.92,0,59.69,0,89.09,0,97.61,406.17,3869.92,0,432.5,0,4302.42,14.04,0,77.35,0,91.39,36.66,0,2.29,0,38.95,3958.54,0,571.83,0,4530.37,24819.17,56,Wyoming,27,Niobrara County
13,2010,519.82,37.92,0,59.69,0,89.09,0,97.61,406.17,3869.92,0,432.5,0,4302.42,14.04,0,77.35,0,91.39,36.66,0,2.29,0,38.95,3958.54,0,571.83,0,4530.37,24819.17,56,Wyoming,29,Park County
13,2010,519.82,37.92,0,59.69,0,89.09,0,97.61,406.17,3869.92,0,432.5,0,4302.42,14.04,0,77.35,0,91.39,36.66,0,2.29,0,38.95,3958.54,0,571.83,0,4530.37,24819.17,56,Wyoming,31,Platte County
13,2010,519.82,37.92,0,59.69,0,89.09,0,97.61,406.17,3869.92,0,432.5,0,4302.42,14.04,0,77.35,0,91.39,36.66,0,2.29,0,38.95,3958.54,0,571.83,0,4530.37,24819.17,56,Wyoming,33,Sheridan County
13,2010,519.82,37.92,0,59.69,0,89.09,0,97.61,406.17,3869.92,0,432.5,0,4302.42,14.04,0,77.35,0,91.39,36.66,0,2.29,0,38.95,3958.54,0,571.83,0,4530.37,24819.17,56,Wyoming,35,Sublette County
13,2010,519.82,37.92,0,59.69,0,89.09,0,97.61,406.17,3869.92,0,432.5,0,4302.42,14.04,0,77.35,0,91.39,36.66,0,2.29,0,38.95,3958.54,0,571.83,0,4530.37,24819.17,56,Wyoming,39,Teton County
13,2010,519.82,37.92,0,59.69,0,89.09,0,97.61,406.17,3869.92,0,432.5,0,4302.42,14.04,0,77.35,0,91.39,36.66,0,2.29,0,38.95,3958.54,0,571.83,0,4530.37,24819.17,56,Wyoming,41,Uinta County
13,2010,519.82,37.92,0,59.69,0,89.09,0,97.61,406.17,3869.92,0,432.5,0,4302.42,14.04,0,77.35,0,91.39,36.66,0,2.29,0,38.95,3958.54,0,571.83,0,4530.37,24819.17,56,Wyoming,43,Washakie County
13,2010,519.82,37.92,0,59.69,0,89.09,0,97.61,406.17,3869.92,0,432.5,0,4302.42,14.04,0,77.35,0,91.39,36.66,0,2.29,0,38.95,3958.54,0,571.83,0,4530.37,24819.17,56,Wyoming,45,Weston County
14,2010,458.203,62.39,0,26.76,0,79.65,0,89.15,397.02,3921.98,0,159.3,0,4081.28,3.35,0,14.43,0,17.78,19.95,0,0,0,19.95,4007.67,0,200.49,0,4208.16,14111.69,8,Colorad,29,Delta County
14,2010,458.203,62.39,0,26.76,0,79.65,0,89.15,397.02,3921.98,0,159.3,0,4081.28,3.35,0,14.43,0,17.78,19.95,0,0,0,19.95,4007.67,0,200.49,0,4208.16,14111.69,8,Colorad,37,Eagle County
14,2010,458.203,62.39,0,26.76,0,79.65,0,89.15,397.02,3921.98,0,159.3,0,4081.28,3.35,0,14.43,0,17.78,19.95,0,0,0,19.95,4007.67,0,200.49,0,4208.16,14111.69,8,Colorad,45,Garfield County
14,2010,458.203,62.39,0,26.76,0,79.65,0,89.15,397.02,3921.98,0,159.3,0,4081.28,3.35,0,14.43,0,17.78,19.95,0,0,0,19.95,4007.67,0,200.49,0,4208.16,14111.69,8,Colorad,49,Grand County
14,2010,458.203,62.39,0,26.76,0,79.65,0,89.15,397.02,3921.98,0,159.3,0,4081.28,3.35,0,14.43,0,17.78,19.95,0,0,0,19.95,4007.67,0,200.49,0,4208.16,14111.69,8,Colorad,51,Gunnison County
14,2010,458.203,62.39,0,26.76,0,79.65,0,89.15,397.02,3921.98,0,159.3,0,4081.28,3.35,0,14.43,0,17.78,19.95,0,0,0,19.95,4007.67,0,200.49,0,4208.16,14111.69,8,Colorad,53,Hinsdale County
14,2010,458.203,62.39,0,26.76,0,79.65,0,89.15,397.02,3921.98,0,159.3,0,4081.28,3.35,0,14.43,0,17.78,19.95,0,0,0,19.95,4007.67,0,200.49,0,4208.16,14111.69,8,Colorad,77,Mesa County
14,2010,458.203,62.39,0,26.76,0,79.65,0,89.15,397.02,3921.98,0,159.3,0,4081.28,3.35,0,14.43,0,17.78,19.95,0,0,0,19.95,4007.67,0,200.49,0,4208.16,14111.69,8,Colorad,81,Moffat County
14,2010,458.203,62.39,0,26.76,0,79.65,0,89.15,397.02,3921.98,0,159.3,0,4081.28,3.35,0,14.43,0,17.78,19.95,0,0,0,19.95,4007.67,0,200.49,0,4208.16,14111.69,8,Colorad,85,Montrose County
14,2010,458.203,62.39,0,26.76,0,79.65,0,89.15,397.02,3921.98,0,159.3,0,4081.28,3.35,0,14.43,0,17.78,19.95,0,0,0,19.95,4007.67,0,200.49,0,4208.16,14111.69,8,Colorad,91,Ouray County
14,2010,458.203,62.39,0,26.76,0,79.65,0,89.15,397.02,3921.98,0,159.3,0,4081.28,3.35,0,14.43,0,17.78,19.95,0,0,0,19.95,4007.67,0,200.49,0,4208.16,14111.69,8,Colorad,97,Pitkin County
14,2010,458.203,62.39,0,26.76,0,79.65,0,89.15,397.02,3921.98,0,159.3,0,4081.28,3.35,0,14.43,0,17.78,19.95,0,0,0,19.95,4007.67,0,200.49,0,4208.16,14111.69,8,Colorad,103,Rio Blanco County
14,2010,458.203,62.39,0,26.76,0,79.65,0,89.15,397.02,3921.98,0,159.3,0,4081.28,3.35,0,14.43,0,17.78,19.95,0,0,0,19.95,4007.67,0,200.49,0,4208.16,14111.69,8,Colorad,107,Routt County
14,2010,458.203,62.39,0,26.76,0,79.65,0,89.15,397.02,3921.98,0,159.3,0,4081.28,3.35,0,14.43,0,17.78,19.95,0,0,0,19.95,4007.67,0,200.49,0,4208.16,14111.69,8,Colorad,109,Saguache County
14,2010,458.203,62.39,0,26.76,0,79.65,0,89.15,397.02,3921.98,0,159.3,0,4081.28,3.35,0,14.43,0,17.78,19.95,0,0,0,19.95,4007.67,0,200.49,0,4208.16,14111.69,8,Colorad,117,Summit County
15,2010,2433.772,370.4,0,74.07,0,436.77,0,444.47,2358.47,179.55,0,20.9,0,200.45,40.23,0,2.86,0,43.09,9.29,0,0,0,9.29,599.47,0,97.83,0,697.3,4907.17,8,Colorad,1,Adams County
15,2010,2433.772,370.4,0,74.07,0,436.77,0,444.47,2358.47,179.55,0,20.9,0,200.45,40.23,0,2.86,0,43.09,9.29,0,0,0,9.29,599.47,0,97.83,0,697.3,4907.17,8,Colorad,5,Arapahoe County
15,2010,2433.772,370.4,0,74.07,0,436.77,0,444.47,2358.47,179.55,0,20.9,0,200.45,40.23,0,2.86,0,43.09,9.29,0,0,0,9.29,599.47,0,97.83,0,697.3,4907.17,8,Colorad,31,Denver County
15,2010,2433.772,370.4,0,74.07,0,436.77,0,444.47,2358.47,179.55,0,20.9,0,200.45,40.23,0,2.86,0,43.09,9.29,0,0,0,9.29,599.47,0,97.83,0,697.3,4907.17,8,Colorad,35,Douglas County
15,2010,2433.772,370.4,0,74.07,0,436.77,0,444.47,2358.47,179.55,0,20.9,0,200.45,40.23,0,2.86,0,43.09,9.29,0,0,0,9.29,599.47,0,97.83,0,697.3,4907.17,8,Colorad,59,Jefferson County
16,2010,1850.635,260.56,0,38.32,0,291.38,0,298.88,1775.99,2305.25,0,260.9,0,2566.15,85.99,0,4.77,0,90.76,30.96,0,16.78,0,47.74,2682.76,0,320.77,0,3003.53,19262.27,8,Colorad,11,Bent County
16,2010,1850.635,260.56,0,38.32,0,291.38,0,298.88,1775.99,2305.25,0,260.9,0,2566.15,85.99,0,4.77,0,90.76,30.96,0,16.78,0,47.74,2682.76,0,320.77,0,3003.53,19262.27,8,Colorad,13,Boulder County
16,2010,1850.635,260.56,0,38.32,0,291.38,0,298.88,1775.99,2305.25,0,260.9,0,2566.15,85.99,0,4.77,0,90.76,30.96,0,16.78,0,47.74,2682.76,0,320.77,0,3003.53,19262.27,8,Colorad,14,Broomfield County
16,2010,1850.635,260.56,0,38.32,0,291.38,0,298.88,1775.99,2305.25,0,260.9,0,2566.15,85.99,0,4.77,0,90.76,30.96,0,16.78,0,47.74,2682.76,0,320.77,0,3003.53,19262.27,8,Colorad,15,Chaffee County
16,2010,1850.635,260.56,0,38.32,0,291.38,0,298.88,1775.99,2305.25,0,260.9,0,2566.15,85.99,0,4.77,0,90.76,30.96,0,16.78,0,47.74,2682.76,0,320.77,0,3003.53,19262.27,8,Colorad,25,Crowley County
16,2010,1850.635,260.56,0,38.32,0,291.38,0,298.88,1775.99,2305.25,0,260.9,0,2566.15,85.99,0,4.77,0,90.76,30.96,0,16.78,0,47.74,2682.76,0,320.77,0,3003.53,19262.27,8,Colorad,41,El Paso County
16,2010,1850.635,260.56,0,38.32,0,291.38,0,298.88,1775.99,2305.25,0,260.9,0,2566.15,85.99,0,4.77,0,90.76,30.96,0,16.78,0,47.74,2682.76,0,320.77,0,3003.53,19262.27,8,Colorad,43,Fremont County
16,2010,1850.635,260.56,0,38.32,0,291.38,0,298.88,1775.99,2305.25,0,260.9,0,2566.15,85.99,0,4.77,0,90.76,30.96,0,16.78,0,47.74,2682.76,0,320.77,0,3003.53,19262.27,8,Colorad,69,Larimer County
16,2010,1850.635,260.56,0,38.32,0,291.38,0,298.88,1775.99,2305.25,0,260.9,0,2566.15,85.99,0,4.77,0,90.76,30.96,0,16.78,0,47.74,2682.76,0,320.77,0,3003.53,19262.27,8,Colorad,75,Logan County
16,2010,1850.635,260.56,0,38.32,0,291.38,0,298.88,1775.99,2305.25,0,260.9,0,2566.15,85.99,0,4.77,0,90.76,30.96,0,16.78,0,47.74,2682.76,0,320.77,0,3003.53,19262.27,8,Colorad,87,Morgan County
16,2010,1850.635,260.56,0,38.32,0,291.38,0,298.88,1775.99,2305.25,0,260.9,0,2566.15,85.99,0,4.77,0,90.76,30.96,0,16.78,0,47.74,2682.76,0,320.77,0,3003.53,19262.27,8,Colorad,89,Otero County
16,2010,1850.635,260.56,0,38.32,0,291.38,0,298.88,1775.99,2305.25,0,260.9,0,2566.15,85.99,0,4.77,0,90.76,30.96,0,16.78,0,47.74,2682.76,0,320.77,0,3003.53,19262.27,8,Colorad,99,Prowers County
16,2010,1850.635,260.56,0,38.32,0,291.38,0,298.88,1775.99,2305.25,0,260.9,0,2566.15,85.99,0,4.77,0,90.76,30.96,0,16.78,0,47.74,2682.76,0,320.77,0,3003.53,19262.27,8,Colorad,101,Pueblo County
16,2010,1850.635,260.56,0,38.32,0,291.38,0,298.88,1775.99,2305.25,0,260.9,0,2566.15,85.99,0,4.77,0,90.76,30.96,0,16.78,0,47.74,2682.76,0,320.77,0,3003.53,19262.27,8,Colorad,115,Sedgwick County
16,2010,1850.635,260.56,0,38.32,0,291.38,0,298.88,1775.99,2305.25,0,260.9,0,2566.15,85.99,0,4.77,0,90.76,30.96,0,16.78,0,47.74,2682.76,0,320.77,0,3003.53,19262.27,8,Colorad,121,Washington County
16,2010,1850.635,260.56,0,38.32,0,291.38,0,298.88,1775.99,2305.25,0,260.9,0,2566.15,85.99,0,4.77,0,90.76,30.96,0,16.78,0,47.74,2682.76,0,320.77,0,3003.53,19262.27,8,Colorad,123,Weld County
17,2010,286.586,23.96,0,29,0,39.73,0,52.96,186.14,2122.02,0,880.66,0,3002.68,0.26,0,6.27,0,6.53,0,0,0,0,0,2146.24,0,915.93,0,3062.17,0,8,Colorad,3,Alamosa County
17,2010,286.586,23.96,0,29,0,39.73,0,52.96,186.14,2122.02,0,880.66,0,3002.68,0.26,0,6.27,0,6.53,0,0,0,0,0,2146.24,0,915.93,0,3062.17,0,8,Colorad,7,Archuleta County
17,2010,286.586,23.96,0,29,0,39.73,0,52.96,186.14,2122.02,0,880.66,0,3002.68,0.26,0,6.27,0,6.53,0,0,0,0,0,2146.24,0,915.93,0,3062.17,0,8,Colorad,9,Baca County
17,2010,286.586,23.96,0,29,0,39.73,0,52.96,186.14,2122.02,0,880.66,0,3002.68,0.26,0,6.27,0,6.53,0,0,0,0,0,2146.24,0,915.93,0,3062.17,0,8,Colorad,17,Cheyenne County
17,2010,286.586,23.96,0,29,0,39.73,0,52.96,186.14,2122.02,0,880.66,0,3002.68,0.26,0,6.27,0,6.53,0,0,0,0,0,2146.24,0,915.93,0,3062.17,0,8,Colorad,19,Clear Creek Count
17,2010,286.586,23.96,0,29,0,39.73,0,52.96,186.14,2122.02,0,880.66,0,3002.68,0.26,0,6.27,0,6.53,0,0,0,0,0,2146.24,0,915.93,0,3062.17,0,8,Colorad,21,Conejos County
17,2010,286.586,23.96,0,29,0,39.73,0,52.96,186.14,2122.02,0,880.66,0,3002.68,0.26,0,6.27,0,6.53,0,0,0,0,0,2146.24,0,915.93,0,3062.17,0,8,Colorad,23,Costilla County
17,2010,286.586,23.96,0,29,0,39.73,0,52.96,186.14,2122.02,0,880.66,0,3002.68,0.26,0,6.27,0,6.53,0,0,0,0,0,2146.24,0,915.93,0,3062.17,0,8,Colorad,27,Custer County
17,2010,286.586,23.96,0,29,0,39.73,0,52.96,186.14,2122.02,0,880.66,0,3002.68,0.26,0,6.27,0,6.53,0,0,0,0,0,2146.24,0,915.93,0,3062.17,0,8,Colorad,33,Dolores County
17,2010,286.586,23.96,0,29,0,39.73,0,52.96,186.14,2122.02,0,880.66,0,3002.68,0.26,0,6.27,0,6.53,0,0,0,0,0,2146.24,0,915.93,0,3062.17,0,8,Colorad,39,Elbert County
17,2010,286.586,23.96,0,29,0,39.73,0,52.96,186.14,2122.02,0,880.66,0,3002.68,0.26,0,6.27,0,6.53,0,0,0,0,0,2146.24,0,915.93,0,3062.17,0,8,Colorad,47,Gilpin County
17,2010,286.586,23.96,0,29,0,39.73,0,52.96,186.14,2122.02,0,880.66,0,3002.68,0.26,0,6.27,0,6.53,0,0,0,0,0,2146.24,0,915.93,0,3062.17,0,8,Colorad,55,Huerfano County
17,2010,286.586,23.96,0,29,0,39.73,0,52.96,186.14,2122.02,0,880.66,0,3002.68,0.26,0,6.27,0,6.53,0,0,0,0,0,2146.24,0,915.93,0,3062.17,0,8,Colorad,57,Jackson County
17,2010,286.586,23.96,0,29,0,39.73,0,52.96,186.14,2122.02,0,880.66,0,3002.68,0.26,0,6.27,0,6.53,0,0,0,0,0,2146.24,0,915.93,0,3062.17,0,8,Colorad,61,Kiowa County
17,2010,286.586,23.96,0,29,0,39.73,0,52.96,186.14,2122.02,0,880.66,0,3002.68,0.26,0,6.27,0,6.53,0,0,0,0,0,2146.24,0,915.93,0,3062.17,0,8,Colorad,63,Kit Carson County
17,2010,286.586,23.96,0,29,0,39.73,0,52.96,186.14,2122.02,0,880.66,0,3002.68,0.26,0,6.27,0,6.53,0,0,0,0,0,2146.24,0,915.93,0,3062.17,0,8,Colorad,65,Lake County
17,2010,286.586,23.96,0,29,0,39.73,0,52.96,186.14,2122.02,0,880.66,0,3002.68,0.26,0,6.27,0,6.53,0,0,0,0,0,2146.24,0,915.93,0,3062.17,0,8,Colorad,67,La Plata County
17,2010,286.586,23.96,0,29,0,39.73,0,52.96,186.14,2122.02,0,880.66,0,3002.68,0.26,0,6.27,0,6.53,0,0,0,0,0,2146.24,0,915.93,0,3062.17,0,8,Colorad,71,Las Animas County
17,2010,286.586,23.96,0,29,0,39.73,0,52.96,186.14,2122.02,0,880.66,0,3002.68,0.26,0,6.27,0,6.53,0,0,0,0,0,2146.24,0,915.93,0,3062.17,0,8,Colorad,73,Lincoln County
17,2010,286.586,23.96,0,29,0,39.73,0,52.96,186.14,2122.02,0,880.66,0,3002.68,0.26,0,6.27,0,6.53,0,0,0,0,0,2146.24,0,915.93,0,3062.17,0,8,Colorad,79,Mineral County
17,2010,286.586,23.96,0,29,0,39.73,0,52.96,186.14,2122.02,0,880.66,0,3002.68,0.26,0,6.27,0,6.53,0,0,0,0,0,2146.24,0,915.93,0,3062.17,0,8,Colorad,83,Montezuma County
17,2010,286.586,23.96,0,29,0,39.73,0,52.96,186.14,2122.02,0,880.66,0,3002.68,0.26,0,6.27,0,6.53,0,0,0,0,0,2146.24,0,915.93,0,3062.17,0,8,Colorad,93,Park County
17,2010,286.586,23.96,0,29,0,39.73,0,52.96,186.14,2122.02,0,880.66,0,3002.68,0.26,0,6.27,0,6.53,0,0,0,0,0,2146.24,0,915.93,0,3062.17,0,8,Colorad,95,Phillips County
17,2010,286.586,23.96,0,29,0,39.73,0,52.96,186.14,2122.02,0,880.66,0,3002.68,0.26,0,6.27,0,6.53,0,0,0,0,0,2146.24,0,915.93,0,3062.17,0,8,Colorad,105,Rio Grande County
17,2010,286.586,23.96,0,29,0,39.73,0,52.96,186.14,2122.02,0,880.66,0,3002.68,0.26,0,6.27,0,6.53,0,0,0,0,0,2146.24,0,915.93,0,3062.17,0,8,Colorad,111,San Juan County
17,2010,286.586,23.96,0,29,0,39.73,0,52.96,186.14,2122.02,0,880.66,0,3002.68,0.26,0,6.27,0,6.53,0,0,0,0,0,2146.24,0,915.93,0,3062.17,0,8,Colorad,113,San Miguel County
17,2010,286.586,23.96,0,29,0,39.73,0,52.96,186.14,2122.02,0,880.66,0,3002.68,0.26,0,6.27,0,6.53,0,0,0,0,0,2146.24,0,915.93,0,3062.17,0,8,Colorad,119,Teller County
17,2010,286.586,23.96,0,29,0,39.73,0,52.96,186.14,2122.02,0,880.66,0,3002.68,0.26,0,6.27,0,6.53,0,0,0,0,0,2146.24,0,915.93,0,3062.17,0,8,Colorad,125,Yuma County
18,2010,662.564,40.28,0,60.65,0,98.26,0,100.93,635.82,38.63,0,7.98,0,46.61,0,0,1.04,0,1.04,0,0,0.42,0,0.42,78.91,0,70.09,0,149,77.08,35,NewMexi,1,Bernalillo County
19,2010,418.422,18.02,0,33.68,0,42.36,0,51.7,292.29,525.53,0,36.06,0,561.59,1.47,0,8.97,0,10.44,42.27,0,3.05,0,45.32,587.29,0,81.76,0,669.05,25877.58,35,NewMexi,6,Cibola County
19,2010,418.422,18.02,0,33.68,0,42.36,0,51.7,292.29,525.53,0,36.06,0,561.59,1.47,0,8.97,0,10.44,42.27,0,3.05,0,45.32,587.29,0,81.76,0,669.05,25877.58,35,NewMexi,31,McKinley County
19,2010,418.422,18.02,0,33.68,0,42.36,0,51.7,292.29,525.53,0,36.06,0,561.59,1.47,0,8.97,0,10.44,42.27,0,3.05,0,45.32,587.29,0,81.76,0,669.05,25877.58,35,NewMexi,39,Rio Arriba County
19,2010,418.422,18.02,0,33.68,0,42.36,0,51.7,292.29,525.53,0,36.06,0,561.59,1.47,0,8.97,0,10.44,42.27,0,3.05,0,45.32,587.29,0,81.76,0,669.05,25877.58,35,NewMexi,43,Sandoval County
19,2010,418.422,18.02,0,33.68,0,42.36,0,51.7,292.29,525.53,0,36.06,0,561.59,1.47,0,8.97,0,10.44,42.27,0,3.05,0,45.32,587.29,0,81.76,0,669.05,25877.58,35,NewMexi,45,San Juan County
19,2010,418.422,18.02,0,33.68,0,42.36,0,51.7,292.29,525.53,0,36.06,0,561.59,1.47,0,8.97,0,10.44,42.27,0,3.05,0,45.32,587.29,0,81.76,0,669.05,25877.58,35,NewMexi,53,Socorro County
20,2010,978.193,14.08,0,142.43,0,142.7,0,156.51,827.94,902.06,0,1225.77,0,2127.83,9.04,0,27.67,0,36.71,0,0,6.12,0,6.12,925.18,0,1401.99,0,2327.17,3762.06,35,NewMexi,3,Catron County
20,2010,978.193,14.08,0,142.43,0,142.7,0,156.51,827.94,902.06,0,1225.77,0,2127.83,9.04,0,27.67,0,36.71,0,0,6.12,0,6.12,925.18,0,1401.99,0,2327.17,3762.06,35,NewMexi,5,Chaves County
20,2010,978.193,14.08,0,142.43,0,142.7,0,156.51,827.94,902.06,0,1225.77,0,2127.83,9.04,0,27.67,0,36.71,0,0,6.12,0,6.12,925.18,0,1401.99,0,2327.17,3762.06,35,NewMexi,7,Colfax County
20,2010,978.193,14.08,0,142.43,0,142.7,0,156.51,827.94,902.06,0,1225.77,0,2127.83,9.04,0,27.67,0,36.71,0,0,6.12,0,6.12,925.18,0,1401.99,0,2327.17,3762.06,35,NewMexi,9,Curry County
20,2010,978.193,14.08,0,142.43,0,142.7,0,156.51,827.94,902.06,0,1225.77,0,2127.83,9.04,0,27.67,0,36.71,0,0,6.12,0,6.12,925.18,0,1401.99,0,2327.17,3762.06,35,NewMexi,11,De Baca County
20,2010,978.193,14.08,0,142.43,0,142.7,0,156.51,827.94,902.06,0,1225.77,0,2127.83,9.04,0,27.67,0,36.71,0,0,6.12,0,6.12,925.18,0,1401.99,0,2327.17,3762.06,35,NewMexi,13,Dona Ana County
20,2010,978.193,14.08,0,142.43,0,142.7,0,156.51,827.94,902.06,0,1225.77,0,2127.83,9.04,0,27.67,0,36.71,0,0,6.12,0,6.12,925.18,0,1401.99,0,2327.17,3762.06,35,NewMexi,15,Eddy County
20,2010,978.193,14.08,0,142.43,0,142.7,0,156.51,827.94,902.06,0,1225.77,0,2127.83,9.04,0,27.67,0,36.71,0,0,6.12,0,6.12,925.18,0,1401.99,0,2327.17,3762.06,35,NewMexi,17,Grant County
20,2010,978.193,14.08,0,142.43,0,142.7,0,156.51,827.94,902.06,0,1225.77,0,2127.83,9.04,0,27.67,0,36.71,0,0,6.12,0,6.12,925.18,0,1401.99,0,2327.17,3762.06,35,NewMexi,19,Guadalupe County
20,2010,978.193,14.08,0,142.43,0,142.7,0,156.51,827.94,902.06,0,1225.77,0,2127.83,9.04,0,27.67,0,36.71,0,0,6.12,0,6.12,925.18,0,1401.99,0,2327.17,3762.06,35,NewMexi,21,Harding County
20,2010,978.193,14.08,0,142.43,0,142.7,0,156.51,827.94,902.06,0,1225.77,0,2127.83,9.04,0,27.67,0,36.71,0,0,6.12,0,6.12,925.18,0,1401.99,0,2327.17,3762.06,35,NewMexi,23,Hidalgo County
20,2010,978.193,14.08,0,142.43,0,142.7,0,156.51,827.94,902.06,0,1225.77,0,2127.83,9.04,0,27.67,0,36.71,0,0,6.12,0,6.12,925.18,0,1401.99,0,2327.17,3762.06,35,NewMexi,25,Lea County
20,2010,978.193,14.08,0,142.43,0,142.7,0,156.51,827.94,902.06,0,1225.77,0,2127.83,9.04,0,27.67,0,36.71,0,0,6.12,0,6.12,925.18,0,1401.99,0,2327.17,3762.06,35,NewMexi,27,Lincoln County
20,2010,978.193,14.08,0,142.43,0,142.7,0,156.51,827.94,902.06,0,1225.77,0,2127.83,9.04,0,27.67,0,36.71,0,0,6.12,0,6.12,925.18,0,1401.99,0,2327.17,3762.06,35,NewMexi,28,Los Alamos County
20,2010,978.193,14.08,0,142.43,0,142.7,0,156.51,827.94,902.06,0,1225.77,0,2127.83,9.04,0,27.67,0,36.71,0,0,6.12,0,6.12,925.18,0,1401.99,0,2327.17,3762.06,35,NewMexi,29,Luna County
20,2010,978.193,14.08,0,142.43,0,142.7,0,156.51,827.94,902.06,0,1225.77,0,2127.83,9.04,0,27.67,0,36.71,0,0,6.12,0,6.12,925.18,0,1401.99,0,2327.17,3762.06,35,NewMexi,33,Mora County
20,2010,978.193,14.08,0,142.43,0,142.7,0,156.51,827.94,902.06,0,1225.77,0,2127.83,9.04,0,27.67,0,36.71,0,0,6.12,0,6.12,925.18,0,1401.99,0,2327.17,3762.06,35,NewMexi,35,Otero County
20,2010,978.193,14.08,0,142.43,0,142.7,0,156.51,827.94,902.06,0,1225.77,0,2127.83,9.04,0,27.67,0,36.71,0,0,6.12,0,6.12,925.18,0,1401.99,0,2327.17,3762.06,35,NewMexi,37,Quay County
20,2010,978.193,14.08,0,142.43,0,142.7,0,156.51,827.94,902.06,0,1225.77,0,2127.83,9.04,0,27.67,0,36.71,0,0,6.12,0,6.12,925.18,0,1401.99,0,2327.17,3762.06,35,NewMexi,41,Roosevelt County
20,2010,978.193,14.08,0,142.43,0,142.7,0,156.51,827.94,902.06,0,1225.77,0,2127.83,9.04,0,27.67,0,36.71,0,0,6.12,0,6.12,925.18,0,1401.99,0,2327.17,3762.06,35,NewMexi,47,San Miguel County
20,2010,978.193,14.08,0,142.43,0,142.7,0,156.51,827.94,902.06,0,1225.77,0,2127.83,9.04,0,27.67,0,36.71,0,0,6.12,0,6.12,925.18,0,1401.99,0,2327.17,3762.06,35,NewMexi,49,Santa Fe County
20,2010,978.193,14.08,0,142.43,0,142.7,0,156.51,827.94,902.06,0,1225.77,0,2127.83,9.04,0,27.67,0,36.71,0,0,6.12,0,6.12,925.18,0,1401.99,0,2327.17,3762.06,35,NewMexi,51,Sierra County
20,2010,978.193,14.08,0,142.43,0,142.7,0,156.51,827.94,902.06,0,1225.77,0,2127.83,9.04,0,27.67,0,36.71,0,0,6.12,0,6.12,925.18,0,1401.99,0,2327.17,3762.06,35,NewMexi,55,Taos County
20,2010,978.193,14.08,0,142.43,0,142.7,0,156.51,827.94,902.06,0,1225.77,0,2127.83,9.04,0,27.67,0,36.71,0,0,6.12,0,6.12,925.18,0,1401.99,0,2327.17,3762.06,35,NewMexi,57,Torrance County
20,2010,978.193,14.08,0,142.43,0,142.7,0,156.51,827.94,902.06,0,1225.77,0,2127.83,9.04,0,27.67,0,36.71,0,0,6.12,0,6.12,925.18,0,1401.99,0,2327.17,3762.06,35,NewMexi,59,Union County
20,2010,978.193,14.08,0,142.43,0,142.7,0,156.51,827.94,902.06,0,1225.77,0,2127.83,9.04,0,27.67,0,36.71,0,0,6.12,0,6.12,925.18,0,1401.99,0,2327.17,3762.06,35,NewMexi,61,Valencia County
