RC,YR,POP,USUR,USAL,UGW,UREC,URES,UIND,UTOT,UPOP,ASUR,ASAL,AGW,AREC,ATOT,ISUR,ISAL,IGW,IREC,ITOT,PSUR,PSAL,PGW,PREC,PTOT,SUR,SAL,GW,REC,ALL,PGEN,SC,SN,CC,RN,CN
1,2010,20972.319,1889.18,0,1707.78,225.75,3739.57,106.28,3822.71,19792.75,634.92,0,522.72,52.77,1210.41,7.58,0.03,306.44,32.44,346.49,4.47,3997.44,17.53,0,4019.44,2536.15,3997.47,2554.47,310.96,9399.05,32542.88,6,Califor,37,CA_South,Los Angeles Count
1,2010,20972.319,1889.18,0,1707.78,225.75,3739.57,106.28,3822.71,19792.75,634.92,0,522.72,52.77,1210.41,7.58,0.03,306.44,32.44,346.49,4.47,3997.44,17.53,0,4019.44,2536.15,3997.47,2554.47,310.96,9399.05,32542.88,6,Califor,59,CA_South,Orange County
1,2010,20972.319,1889.18,0,1707.78,225.75,3739.57,106.28,3822.71,19792.75,634.92,0,522.72,52.77,1210.41,7.58,0.03,306.44,32.44,346.49,4.47,3997.44,17.53,0,4019.44,2536.15,3997.47,2554.47,310.96,9399.05,32542.88,6,Califor,65,CA_South,Riverside County
1,2010,20972.319,1889.18,0,1707.78,225.75,3739.57,106.28,3822.71,19792.75,634.92,0,522.72,52.77,1210.41,7.58,0.03,306.44,32.44,346.49,4.47,3997.44,17.53,0,4019.44,2536.15,3997.47,2554.47,310.96,9399.05,32542.88,6,Califor,71,CA_South,San Bernardino Co
1,2010,20972.319,1889.18,0,1707.78,225.75,3739.57,106.28,3822.71,19792.75,634.92,0,522.72,52.77,1210.41,7.58,0.03,306.44,32.44,346.49,4.47,3997.44,17.53,0,4019.44,2536.15,3997.47,2554.47,310.96,9399.05,32542.88,6,Califor,73,CA_South,San Diego County
1,2010,20972.319,1889.18,0,1707.78,225.75,3739.57,106.28,3822.71,19792.75,634.92,0,522.72,52.77,1210.41,7.58,0.03,306.44,32.44,346.49,4.47,3997.44,17.53,0,4019.44,2536.15,3997.47,2554.47,310.96,9399.05,32542.88,6,Califor,111,CA_South,Ventura County
2,2010,174.528,30.57,0,2.23,0,32.22,1.75,32.8,156.35,1079.82,0,16.46,0,1096.28,0,0,7.38,0,7.38,22.5,0,0,0,22.5,1132.89,0,26.07,0,1158.96,3810.89,6,Califor,25,CA_Imperia,Imperial County
3,2010,16107.109,1581.93,0,1258.95,130.04,2882.72,149.85,2970.92,14828.82,13561.27,0,8231.21,55.94,21848.42,5.8,0.02,345.57,50.1,401.49,5.25,2489.85,64.06,0,2559.16,15154.25,2489.87,9899.79,236.08,27779.99,49077.82,6,Califor,1,CA_Other,Alameda County
3,2010,16107.109,1581.93,0,1258.95,130.04,2882.72,149.85,2970.92,14828.82,13561.27,0,8231.21,55.94,21848.42,5.8,0.02,345.57,50.1,401.49,5.25,2489.85,64.06,0,2559.16,15154.25,2489.87,9899.79,236.08,27779.99,49077.82,6,Califor,3,CA_Other,Alpine County
3,2010,16107.109,1581.93,0,1258.95,130.04,2882.72,149.85,2970.92,14828.82,13561.27,0,8231.21,55.94,21848.42,5.8,0.02,345.57,50.1,401.49,5.25,2489.85,64.06,0,2559.16,15154.25,2489.87,9899.79,236.08,27779.99,49077.82,6,Califor,5,CA_Other,Amador County
3,2010,16107.109,1581.93,0,1258.95,130.04,2882.72,149.85,2970.92,14828.82,13561.27,0,8231.21,55.94,21848.42,5.8,0.02,345.57,50.1,401.49,5.25,2489.85,64.06,0,2559.16,15154.25,2489.87,9899.79,236.08,27779.99,49077.82,6,Califor,7,CA_Other,Butte County
3,2010,16107.109,1581.93,0,1258.95,130.04,2882.72,149.85,2970.92,14828.82,13561.27,0,8231.21,55.94,21848.42,5.8,0.02,345.57,50.1,401.49,5.25,2489.85,64.06,0,2559.16,15154.25,2489.87,9899.79,236.08,27779.99,49077.82,6,Califor,9,CA_Other,Calaveras County
3,2010,16107.109,1581.93,0,1258.95,130.04,2882.72,149.85,2970.92,14828.82,13561.27,0,8231.21,55.94,21848.42,5.8,0.02,345.57,50.1,401.49,5.25,2489.85,64.06,0,2559.16,15154.25,2489.87,9899.79,236.08,27779.99,49077.82,6,Califor,11,CA_Other,Colusa County
3,2010,16107.109,1581.93,0,1258.95,130.04,2882.72,149.85,2970.92,14828.82,13561.27,0,8231.21,55.94,21848.42,5.8,0.02,345.57,50.1,401.49,5.25,2489.85,64.06,0,2559.16,15154.25,2489.87,9899.79,236.08,27779.99,49077.82,6,Califor,13,CA_Other,Contra Costa Coun
3,2010,16107.109,1581.93,0,1258.95,130.04,2882.72,149.85,2970.92,14828.82,13561.27,0,8231.21,55.94,21848.42,5.8,0.02,345.57,50.1,401.49,5.25,2489.85,64.06,0,2559.16,15154.25,2489.87,9899.79,236.08,27779.99,49077.82,6,Califor,15,CA_Other,Del Norte County
3,2010,16107.109,1581.93,0,1258.95,130.04,2882.72,149.85,2970.92,14828.82,13561.27,0,8231.21,55.94,21848.42,5.8,0.02,345.57,50.1,401.49,5.25,2489.85,64.06,0,2559.16,15154.25,2489.87,9899.79,236.08,27779.99,49077.82,6,Califor,17,CA_Other,El Dorado County
3,2010,16107.109,1581.93,0,1258.95,130.04,2882.72,149.85,2970.92,14828.82,13561.27,0,8231.21,55.94,21848.42,5.8,0.02,345.57,50.1,401.49,5.25,2489.85,64.06,0,2559.16,15154.25,2489.87,9899.79,236.08,27779.99,49077.82,6,Califor,19,CA_Other,Fresno County
3,2010,16107.109,1581.93,0,1258.95,130.04,2882.72,149.85,2970.92,14828.82,13561.27,0,8231.21,55.94,21848.42,5.8,0.02,345.57,50.1,401.49,5.25,2489.85,64.06,0,2559.16,15154.25,2489.87,9899.79,236.08,27779.99,49077.82,6,Califor,21,CA_Other,Glenn County
3,2010,16107.109,1581.93,0,1258.95,130.04,2882.72,149.85,2970.92,14828.82,13561.27,0,8231.21,55.94,21848.42,5.8,0.02,345.57,50.1,401.49,5.25,2489.85,64.06,0,2559.16,15154.25,2489.87,9899.79,236.08,27779.99,49077.82,6,Califor,23,CA_Other,Humboldt County
3,2010,16107.109,1581.93,0,1258.95,130.04,2882.72,149.85,2970.92,14828.82,13561.27,0,8231.21,55.94,21848.42,5.8,0.02,345.57,50.1,401.49,5.25,2489.85,64.06,0,2559.16,15154.25,2489.87,9899.79,236.08,27779.99,49077.82,6,Califor,27,CA_Other,Inyo County
3,2010,16107.109,1581.93,0,1258.95,130.04,2882.72,149.85,2970.92,14828.82,13561.27,0,8231.21,55.94,21848.42,5.8,0.02,345.57,50.1,401.49,5.25,2489.85,64.06,0,2559.16,15154.25,2489.87,9899.79,236.08,27779.99,49077.82,6,Califor,29,CA_Other,Kern County
3,2010,16107.109,1581.93,0,1258.95,130.04,2882.72,149.85,2970.92,14828.82,13561.27,0,8231.21,55.94,21848.42,5.8,0.02,345.57,50.1,401.49,5.25,2489.85,64.06,0,2559.16,15154.25,2489.87,9899.79,236.08,27779.99,49077.82,6,Califor,31,CA_Other,Kings County
3,2010,16107.109,1581.93,0,1258.95,130.04,2882.72,149.85,2970.92,14828.82,13561.27,0,8231.21,55.94,21848.42,5.8,0.02,345.57,50.1,401.49,5.25,2489.85,64.06,0,2559.16,15154.25,2489.87,9899.79,236.08,27779.99,49077.82,6,Califor,33,CA_Other,Lake County
3,2010,16107.109,1581.93,0,1258.95,130.04,2882.72,149.85,2970.92,14828.82,13561.27,0,8231.21,55.94,21848.42,5.8,0.02,345.57,50.1,401.49,5.25,2489.85,64.06,0,2559.16,15154.25,2489.87,9899.79,236.08,27779.99,49077.82,6,Califor,35,CA_Other,Lassen County
3,2010,16107.109,1581.93,0,1258.95,130.04,2882.72,149.85,2970.92,14828.82,13561.27,0,8231.21,55.94,21848.42,5.8,0.02,345.57,50.1,401.49,5.25,2489.85,64.06,0,2559.16,15154.25,2489.87,9899.79,236.08,27779.99,49077.82,6,Califor,39,CA_Other,Madera County
3,2010,16107.109,1581.93,0,1258.95,130.04,2882.72,149.85,2970.92,14828.82,13561.27,0,8231.21,55.94,21848.42,5.8,0.02,345.57,50.1,401.49,5.25,2489.85,64.06,0,2559.16,15154.25,2489.87,9899.79,236.08,27779.99,49077.82,6,Califor,41,CA_Other,Marin County
3,2010,16107.109,1581.93,0,1258.95,130.04,2882.72,149.85,2970.92,14828.82,13561.27,0,8231.21,55.94,21848.42,5.8,0.02,345.57,50.1,401.49,5.25,2489.85,64.06,0,2559.16,15154.25,2489.87,9899.79,236.08,27779.99,49077.82,6,Califor,43,CA_Other,Mariposa County
3,2010,16107.109,1581.93,0,1258.95,130.04,2882.72,149.85,2970.92,14828.82,13561.27,0,8231.21,55.94,21848.42,5.8,0.02,345.57,50.1,401.49,5.25,2489.85,64.06,0,2559.16,15154.25,2489.87,9899.79,236.08,27779.99,49077.82,6,Califor,45,CA_Other,Mendocino County
3,2010,16107.109,1581.93,0,1258.95,130.04,2882.72,149.85,2970.92,14828.82,13561.27,0,8231.21,55.94,21848.42,5.8,0.02,345.57,50.1,401.49,5.25,2489.85,64.06,0,2559.16,15154.25,2489.87,9899.79,236.08,27779.99,49077.82,6,Califor,47,CA_Other,Merced County
3,2010,16107.109,1581.93,0,1258.95,130.04,2882.72,149.85,2970.92,14828.82,13561.27,0,8231.21,55.94,21848.42,5.8,0.02,345.57,50.1,401.49,5.25,2489.85,64.06,0,2559.16,15154.25,2489.87,9899.79,236.08,27779.99,49077.82,6,Califor,49,CA_Other,Modoc County
3,2010,16107.109,1581.93,0,1258.95,130.04,2882.72,149.85,2970.92,14828.82,13561.27,0,8231.21,55.94,21848.42,5.8,0.02,345.57,50.1,401.49,5.25,2489.85,64.06,0,2559.16,15154.25,2489.87,9899.79,236.08,27779.99,49077.82,6,Califor,51,CA_Other,Mono County
3,2010,16107.109,1581.93,0,1258.95,130.04,2882.72,149.85,2970.92,14828.82,13561.27,0,8231.21,55.94,21848.42,5.8,0.02,345.57,50.1,401.49,5.25,2489.85,64.06,0,2559.16,15154.25,2489.87,9899.79,236.08,27779.99,49077.82,6,Califor,53,CA_Other,Monterey County
3,2010,16107.109,1581.93,0,1258.95,130.04,2882.72,149.85,2970.92,14828.82,13561.27,0,8231.21,55.94,21848.42,5.8,0.02,345.57,50.1,401.49,5.25,2489.85,64.06,0,2559.16,15154.25,2489.87,9899.79,236.08,27779.99,49077.82,6,Califor,55,CA_Other,Napa County
3,2010,16107.109,1581.93,0,1258.95,130.04,2882.72,149.85,2970.92,14828.82,13561.27,0,8231.21,55.94,21848.42,5.8,0.02,345.57,50.1,401.49,5.25,2489.85,64.06,0,2559.16,15154.25,2489.87,9899.79,236.08,27779.99,49077.82,6,Califor,57,CA_Other,Nevada County
3,2010,16107.109,1581.93,0,1258.95,130.04,2882.72,149.85,2970.92,14828.82,13561.27,0,8231.21,55.94,21848.42,5.8,0.02,345.57,50.1,401.49,5.25,2489.85,64.06,0,2559.16,15154.25,2489.87,9899.79,236.08,27779.99,49077.82,6,Califor,61,CA_Other,Placer County
3,2010,16107.109,1581.93,0,1258.95,130.04,2882.72,149.85,2970.92,14828.82,13561.27,0,8231.21,55.94,21848.42,5.8,0.02,345.57,50.1,401.49,5.25,2489.85,64.06,0,2559.16,15154.25,2489.87,9899.79,236.08,27779.99,49077.82,6,Califor,63,CA_Other,Plumas County
3,2010,16107.109,1581.93,0,1258.95,130.04,2882.72,149.85,2970.92,14828.82,13561.27,0,8231.21,55.94,21848.42,5.8,0.02,345.57,50.1,401.49,5.25,2489.85,64.06,0,2559.16,15154.25,2489.87,9899.79,236.08,27779.99,49077.82,6,Califor,67,CA_Other,Sacramento County
3,2010,16107.109,1581.93,0,1258.95,130.04,2882.72,149.85,2970.92,14828.82,13561.27,0,8231.21,55.94,21848.42,5.8,0.02,345.57,50.1,401.49,5.25,2489.85,64.06,0,2559.16,15154.25,2489.87,9899.79,236.08,27779.99,49077.82,6,Califor,69,CA_Other,San Benito County
3,2010,16107.109,1581.93,0,1258.95,130.04,2882.72,149.85,2970.92,14828.82,13561.27,0,8231.21,55.94,21848.42,5.8,0.02,345.57,50.1,401.49,5.25,2489.85,64.06,0,2559.16,15154.25,2489.87,9899.79,236.08,27779.99,49077.82,6,Califor,75,CA_Other,San Francisco Cou
3,2010,16107.109,1581.93,0,1258.95,130.04,2882.72,149.85,2970.92,14828.82,13561.27,0,8231.21,55.94,21848.42,5.8,0.02,345.57,50.1,401.49,5.25,2489.85,64.06,0,2559.16,15154.25,2489.87,9899.79,236.08,27779.99,49077.82,6,Califor,77,CA_Other,San Joaquin Count
3,2010,16107.109,1581.93,0,1258.95,130.04,2882.72,149.85,2970.92,14828.82,13561.27,0,8231.21,55.94,21848.42,5.8,0.02,345.57,50.1,401.49,5.25,2489.85,64.06,0,2559.16,15154.25,2489.87,9899.79,236.08,27779.99,49077.82,6,Califor,79,CA_Other,San Luis Obispo C
3,2010,16107.109,1581.93,0,1258.95,130.04,2882.72,149.85,2970.92,14828.82,13561.27,0,8231.21,55.94,21848.42,5.8,0.02,345.57,50.1,401.49,5.25,2489.85,64.06,0,2559.16,15154.25,2489.87,9899.79,236.08,27779.99,49077.82,6,Califor,81,CA_Other,San Mateo County
3,2010,16107.109,1581.93,0,1258.95,130.04,2882.72,149.85,2970.92,14828.82,13561.27,0,8231.21,55.94,21848.42,5.8,0.02,345.57,50.1,401.49,5.25,2489.85,64.06,0,2559.16,15154.25,2489.87,9899.79,236.08,27779.99,49077.82,6,Califor,83,CA_Other,Santa Barbara Cou
3,2010,16107.109,1581.93,0,1258.95,130.04,2882.72,149.85,2970.92,14828.82,13561.27,0,8231.21,55.94,21848.42,5.8,0.02,345.57,50.1,401.49,5.25,2489.85,64.06,0,2559.16,15154.25,2489.87,9899.79,236.08,27779.99,49077.82,6,Califor,85,CA_Other,Santa Clara Count
3,2010,16107.109,1581.93,0,1258.95,130.04,2882.72,149.85,2970.92,14828.82,13561.27,0,8231.21,55.94,21848.42,5.8,0.02,345.57,50.1,401.49,5.25,2489.85,64.06,0,2559.16,15154.25,2489.87,9899.79,236.08,27779.99,49077.82,6,Califor,87,CA_Other,Santa Cruz County
3,2010,16107.109,1581.93,0,1258.95,130.04,2882.72,149.85,2970.92,14828.82,13561.27,0,8231.21,55.94,21848.42,5.8,0.02,345.57,50.1,401.49,5.25,2489.85,64.06,0,2559.16,15154.25,2489.87,9899.79,236.08,27779.99,49077.82,6,Califor,89,CA_Other,Shasta County
3,2010,16107.109,1581.93,0,1258.95,130.04,2882.72,149.85,2970.92,14828.82,13561.27,0,8231.21,55.94,21848.42,5.8,0.02,345.57,50.1,401.49,5.25,2489.85,64.06,0,2559.16,15154.25,2489.87,9899.79,236.08,27779.99,49077.82,6,Califor,91,CA_Other,Sierra County
3,2010,16107.109,1581.93,0,1258.95,130.04,2882.72,149.85,2970.92,14828.82,13561.27,0,8231.21,55.94,21848.42,5.8,0.02,345.57,50.1,401.49,5.25,2489.85,64.06,0,2559.16,15154.25,2489.87,9899.79,236.08,27779.99,49077.82,6,Califor,93,CA_Other,Siskiyou County
3,2010,16107.109,1581.93,0,1258.95,130.04,2882.72,149.85,2970.92,14828.82,13561.27,0,8231.21,55.94,21848.42,5.8,0.02,345.57,50.1,401.49,5.25,2489.85,64.06,0,2559.16,15154.25,2489.87,9899.79,236.08,27779.99,49077.82,6,Califor,95,CA_Other,Solano County
3,2010,16107.109,1581.93,0,1258.95,130.04,2882.72,149.85,2970.92,14828.82,13561.27,0,8231.21,55.94,21848.42,5.8,0.02,345.57,50.1,401.49,5.25,2489.85,64.06,0,2559.16,15154.25,2489.87,9899.79,236.08,27779.99,49077.82,6,Califor,97,CA_Other,Sonoma County
3,2010,16107.109,1581.93,0,1258.95,130.04,2882.72,149.85,2970.92,14828.82,13561.27,0,8231.21,55.94,21848.42,5.8,0.02,345.57,50.1,401.49,5.25,2489.85,64.06,0,2559.16,15154.25,2489.87,9899.79,236.08,27779.99,49077.82,6,Califor,99,CA_Other,Stanislaus County
3,2010,16107.109,1581.93,0,1258.95,130.04,2882.72,149.85,2970.92,14828.82,13561.27,0,8231.21,55.94,21848.42,5.8,0.02,345.57,50.1,401.49,5.25,2489.85,64.06,0,2559.16,15154.25,2489.87,9899.79,236.08,27779.99,49077.82,6,Califor,101,CA_Other,Sutter County
3,2010,16107.109,1581.93,0,1258.95,130.04,2882.72,149.85,2970.92,14828.82,13561.27,0,8231.21,55.94,21848.42,5.8,0.02,345.57,50.1,401.49,5.25,2489.85,64.06,0,2559.16,15154.25,2489.87,9899.79,236.08,27779.99,49077.82,6,Califor,103,CA_Other,Tehama County
3,2010,16107.109,1581.93,0,1258.95,130.04,2882.72,149.85,2970.92,14828.82,13561.27,0,8231.21,55.94,21848.42,5.8,0.02,345.57,50.1,401.49,5.25,2489.85,64.06,0,2559.16,15154.25,2489.87,9899.79,236.08,27779.99,49077.82,6,Califor,105,CA_Other,Trinity County
3,2010,16107.109,1581.93,0,1258.95,130.04,2882.72,149.85,2970.92,14828.82,13561.27,0,8231.21,55.94,21848.42,5.8,0.02,345.57,50.1,401.49,5.25,2489.85,64.06,0,2559.16,15154.25,2489.87,9899.79,236.08,27779.99,49077.82,6,Califor,107,CA_Other,Tulare County
3,2010,16107.109,1581.93,0,1258.95,130.04,2882.72,149.85,2970.92,14828.82,13561.27,0,8231.21,55.94,21848.42,5.8,0.02,345.57,50.1,401.49,5.25,2489.85,64.06,0,2559.16,15154.25,2489.87,9899.79,236.08,27779.99,49077.82,6,Califor,109,CA_Other,Tuolumne County
3,2010,16107.109,1581.93,0,1258.95,130.04,2882.72,149.85,2970.92,14828.82,13561.27,0,8231.21,55.94,21848.42,5.8,0.02,345.57,50.1,401.49,5.25,2489.85,64.06,0,2559.16,15154.25,2489.87,9899.79,236.08,27779.99,49077.82,6,Califor,113,CA_Other,Yolo County
3,2010,16107.109,1581.93,0,1258.95,130.04,2882.72,149.85,2970.92,14828.82,13561.27,0,8231.21,55.94,21848.42,5.8,0.02,345.57,50.1,401.49,5.25,2489.85,64.06,0,2559.16,15154.25,2489.87,9899.79,236.08,27779.99,49077.82,6,Califor,115,CA_Other,Yuba County
4,2010,1951.269,386.79,0,67.31,0,439.43,0,454.1,1877.94,4.43,0,10.04,2.21,16.68,7.19,0,2.89,0,10.08,3.04,0,4.95,0,7.99,401.45,0,85.19,2.21,488.85,3579.67,32,Nevada,3,NV_LasVega,Clark County
5,2010,749.282,61.01,0,95.51,0,141.38,0,156.52,664.63,955.15,0,648.03,1.34,1604.52,1.45,0,340.1,0,341.55,0.64,0,23.93,0,24.57,1018.25,0,1107.57,1.34,2127.16,6408.63,32,Nevada,1,NV_Other,Churchill County
5,2010,749.282,61.01,0,95.51,0,141.38,0,156.52,664.63,955.15,0,648.03,1.34,1604.52,1.45,0,340.1,0,341.55,0.64,0,23.93,0,24.57,1018.25,0,1107.57,1.34,2127.16,6408.63,32,Nevada,5,NV_Other,Douglas County
5,2010,749.282,61.01,0,95.51,0,141.38,0,156.52,664.63,955.15,0,648.03,1.34,1604.52,1.45,0,340.1,0,341.55,0.64,0,23.93,0,24.57,1018.25,0,1107.57,1.34,2127.16,6408.63,32,Nevada,7,NV_Other,Elko County
5,2010,749.282,61.01,0,95.51,0,141.38,0,156.52,664.63,955.15,0,648.03,1.34,1604.52,1.45,0,340.1,0,341.55,0.64,0,23.93,0,24.57,1018.25,0,1107.57,1.34,2127.16,6408.63,32,Nevada,9,NV_Other,Esmeralda County
5,2010,749.282,61.01,0,95.51,0,141.38,0,156.52,664.63,955.15,0,648.03,1.34,1604.52,1.45,0,340.1,0,341.55,0.64,0,23.93,0,24.57,1018.25,0,1107.57,1.34,2127.16,6408.63,32,Nevada,11,NV_Other,Eureka County
5,2010,749.282,61.01,0,95.51,0,141.38,0,156.52,664.63,955.15,0,648.03,1.34,1604.52,1.45,0,340.1,0,341.55,0.64,0,23.93,0,24.57,1018.25,0,1107.57,1.34,2127.16,6408.63,32,Nevada,13,NV_Other,Humboldt County
5,2010,749.282,61.01,0,95.51,0,141.38,0,156.52,664.63,955.15,0,648.03,1.34,1604.52,1.45,0,340.1,0,341.55,0.64,0,23.93,0,24.57,1018.25,0,1107.57,1.34,2127.16,6408.63,32,Nevada,15,NV_Other,Lander County
5,2010,749.282,61.01,0,95.51,0,141.38,0,156.52,664.63,955.15,0,648.03,1.34,1604.52,1.45,0,340.1,0,341.55,0.64,0,23.93,0,24.57,1018.25,0,1107.57,1.34,2127.16,6408.63,32,Nevada,17,NV_Other,Lincoln County
5,2010,749.282,61.01,0,95.51,0,141.38,0,156.52,664.63,955.15,0,648.03,1.34,1604.52,1.45,0,340.1,0,341.55,0.64,0,23.93,0,24.57,1018.25,0,1107.57,1.34,2127.16,6408.63,32,Nevada,19,NV_Other,Lyon County
5,2010,749.282,61.01,0,95.51,0,141.38,0,156.52,664.63,955.15,0,648.03,1.34,1604.52,1.45,0,340.1,0,341.55,0.64,0,23.93,0,24.57,1018.25,0,1107.57,1.34,2127.16,6408.63,32,Nevada,21,NV_Other,Mineral County
5,2010,749.282,61.01,0,95.51,0,141.38,0,156.52,664.63,955.15,0,648.03,1.34,1604.52,1.45,0,340.1,0,341.55,0.64,0,23.93,0,24.57,1018.25,0,1107.57,1.34,2127.16,6408.63,32,Nevada,23,NV_Other,Nye County
5,2010,749.282,61.01,0,95.51,0,141.38,0,156.52,664.63,955.15,0,648.03,1.34,1604.52,1.45,0,340.1,0,341.55,0.64,0,23.93,0,24.57,1018.25,0,1107.57,1.34,2127.16,6408.63,32,Nevada,27,NV_Other,Pershing County
5,2010,749.282,61.01,0,95.51,0,141.38,0,156.52,664.63,955.15,0,648.03,1.34,1604.52,1.45,0,340.1,0,341.55,0.64,0,23.93,0,24.57,1018.25,0,1107.57,1.34,2127.16,6408.63,32,Nevada,29,NV_Other,Storey County
5,2010,749.282,61.01,0,95.51,0,141.38,0,156.52,664.63,955.15,0,648.03,1.34,1604.52,1.45,0,340.1,0,341.55,0.64,0,23.93,0,24.57,1018.25,0,1107.57,1.34,2127.16,6408.63,32,Nevada,31,NV_Other,Washoe County
5,2010,749.282,61.01,0,95.51,0,141.38,0,156.52,664.63,955.15,0,648.03,1.34,1604.52,1.45,0,340.1,0,341.55,0.64,0,23.93,0,24.57,1018.25,0,1107.57,1.34,2127.16,6408.63,32,Nevada,33,NV_Other,White Pine County
5,2010,749.282,61.01,0,95.51,0,141.38,0,156.52,664.63,955.15,0,648.03,1.34,1604.52,1.45,0,340.1,0,341.55,0.64,0,23.93,0,24.57,1018.25,0,1107.57,1.34,2127.16,6408.63,32,Nevada,510,NV_Other,Carson City City
6,2010,416.449,23.01,0,60.28,0,79.74,0,83.29,392.47,1621.44,0,242.54,3.93,1867.91,0,0,0.4,0,0.4,0.71,0,2.92,0,3.63,1645.16,0,306.14,3.93,1955.23,1477.75,4,Arizona,12,AZ_West,La Paz County
6,2010,416.449,23.01,0,60.28,0,79.74,0,83.29,392.47,1621.44,0,242.54,3.93,1867.91,0,0,0.4,0,0.4,0.71,0,2.92,0,3.63,1645.16,0,306.14,3.93,1955.23,1477.75,4,Arizona,15,AZ_West,Mohave County
6,2010,416.449,23.01,0,60.28,0,79.74,0,83.29,392.47,1621.44,0,242.54,3.93,1867.91,0,0,0.4,0,0.4,0.71,0,2.92,0,3.63,1645.16,0,306.14,3.93,1955.23,1477.75,4,Arizona,27,AZ_West,Yuma County
7,2010,5173.443,596.06,0,450.64,0,1036.13,0,1046.7,5097.75,1134.05,0,1132.51,113.21,2379.77,0,0,43.54,0,43.54,5.05,0,27.24,0,32.29,1735.16,0,1653.93,113.21,3502.3,41970.02,4,Arizona,13,AZ_Central,Maricopa County
7,2010,5173.443,596.06,0,450.64,0,1036.13,0,1046.7,5097.75,1134.05,0,1132.51,113.21,2379.77,0,0,43.54,0,43.54,5.05,0,27.24,0,32.29,1735.16,0,1653.93,113.21,3502.3,41970.02,4,Arizona,19,AZ_Central,Pima County
7,2010,5173.443,596.06,0,450.64,0,1036.13,0,1046.7,5097.75,1134.05,0,1132.51,113.21,2379.77,0,0,43.54,0,43.54,5.05,0,27.24,0,32.29,1735.16,0,1653.93,113.21,3502.3,41970.02,4,Arizona,21,AZ_Central,Pinal County
8,2010,802.441,9.28,0,101.33,0,97.55,0,110.61,683.95,127.76,0,345.8,11.69,485.25,0,0,55.59,0,55.59,21.38,0,47.12,0,68.5,158.42,0,549.84,11.69,719.95,43221.94,4,Arizona,1,AZ_Other,Apache County
8,2010,802.441,9.28,0,101.33,0,97.55,0,110.61,683.95,127.76,0,345.8,11.69,485.25,0,0,55.59,0,55.59,21.38,0,47.12,0,68.5,158.42,0,549.84,11.69,719.95,43221.94,4,Arizona,3,AZ_Other,Cochise County
8,2010,802.441,9.28,0,101.33,0,97.55,0,110.61,683.95,127.76,0,345.8,11.69,485.25,0,0,55.59,0,55.59,21.38,0,47.12,0,68.5,158.42,0,549.84,11.69,719.95,43221.94,4,Arizona,5,AZ_Other,Coconino County
8,2010,802.441,9.28,0,101.33,0,97.55,0,110.61,683.95,127.76,0,345.8,11.69,485.25,0,0,55.59,0,55.59,21.38,0,47.12,0,68.5,158.42,0,549.84,11.69,719.95,43221.94,4,Arizona,7,AZ_Other,Gila County
8,2010,802.441,9.28,0,101.33,0,97.55,0,110.61,683.95,127.76,0,345.8,11.69,485.25,0,0,55.59,0,55.59,21.38,0,47.12,0,68.5,158.42,0,549.84,11.69,719.95,43221.94,4,Arizona,9,AZ_Other,Graham County
8,2010,802.441,9.28,0,101.33,0,97.55,0,110.61,683.95,127.76,0,345.8,11.69,485.25,0,0,55.59,0,55.59,21.38,0,47.12,0,68.5,158.42,0,549.84,11.69,719.95,43221.94,4,Arizona,11,AZ_Other,Greenlee County
8,2010,802.441,9.28,0,101.33,0,97.55,0,110.61,683.95,127.76,0,345.8,11.69,485.25,0,0,55.59,0,55.59,21.38,0,47.12,0,68.5,158.42,0,549.84,11.69,719.95,43221.94,4,Arizona,17,AZ_Other,Navajo County
8,2010,802.441,9.28,0,101.33,0,97.55,0,110.61,683.95,127.76,0,345.8,11.69,485.25,0,0,55.59,0,55.59,21.38,0,47.12,0,68.5,158.42,0,549.84,11.69,719.95,43221.94,4,Arizona,23,AZ_Other,Santa Cruz County
8,2010,802.441,9.28,0,101.33,0,97.55,0,110.61,683.95,127.76,0,345.8,11.69,485.25,0,0,55.59,0,55.59,21.38,0,47.12,0,68.5,158.42,0,549.84,11.69,719.95,43221.94,4,Arizona,25,AZ_Other,Yavapai County
9,2010,1872.413,269.09,0,178.03,0,445.58,0,447.12,1863.2,354.33,0,67.38,2.05,423.76,0,33.1,44.82,0,77.92,0,0.47,5.87,0.51,6.85,623.42,33.57,296.1,2.56,955.65,5230.83,49,Utah,11,UT_Urban,Davis County
9,2010,1872.413,269.09,0,178.03,0,445.58,0,447.12,1863.2,354.33,0,67.38,2.05,423.76,0,33.1,44.82,0,77.92,0,0.47,5.87,0.51,6.85,623.42,33.57,296.1,2.56,955.65,5230.83,49,Utah,23,UT_Urban,Juab County
9,2010,1872.413,269.09,0,178.03,0,445.58,0,447.12,1863.2,354.33,0,67.38,2.05,423.76,0,33.1,44.82,0,77.92,0,0.47,5.87,0.51,6.85,623.42,33.57,296.1,2.56,955.65,5230.83,49,Utah,29,UT_Urban,Morgan County
9,2010,1872.413,269.09,0,178.03,0,445.58,0,447.12,1863.2,354.33,0,67.38,2.05,423.76,0,33.1,44.82,0,77.92,0,0.47,5.87,0.51,6.85,623.42,33.57,296.1,2.56,955.65,5230.83,49,Utah,35,UT_Urban,Salt Lake County
9,2010,1872.413,269.09,0,178.03,0,445.58,0,447.12,1863.2,354.33,0,67.38,2.05,423.76,0,33.1,44.82,0,77.92,0,0.47,5.87,0.51,6.85,623.42,33.57,296.1,2.56,955.65,5230.83,49,Utah,49,UT_Urban,Utah County
10,2010,120.251,4.48,0,26.37,0,29.33,0,30.85,111.17,958.13,0,50.59,2.2,1010.92,0.73,0,9.58,0,10.31,25.36,0,7.26,0,32.62,988.7,0,93.8,2.2,1084.7,18499.4,49,Utah,13,UT_East,Duchesne County
10,2010,120.251,4.48,0,26.37,0,29.33,0,30.85,111.17,958.13,0,50.59,2.2,1010.92,0.73,0,9.58,0,10.31,25.36,0,7.26,0,32.62,988.7,0,93.8,2.2,1084.7,18499.4,49,Utah,15,UT_East,Emery County
10,2010,120.251,4.48,0,26.37,0,29.33,0,30.85,111.17,958.13,0,50.59,2.2,1010.92,0.73,0,9.58,0,10.31,25.36,0,7.26,0,32.62,988.7,0,93.8,2.2,1084.7,18499.4,49,Utah,17,UT_East,Garfield County
10,2010,120.251,4.48,0,26.37,0,29.33,0,30.85,111.17,958.13,0,50.59,2.2,1010.92,0.73,0,9.58,0,10.31,25.36,0,7.26,0,32.62,988.7,0,93.8,2.2,1084.7,18499.4,49,Utah,31,UT_East,Piute County
10,2010,120.251,4.48,0,26.37,0,29.33,0,30.85,111.17,958.13,0,50.59,2.2,1010.92,0.73,0,9.58,0,10.31,25.36,0,7.26,0,32.62,988.7,0,93.8,2.2,1084.7,18499.4,49,Utah,39,UT_East,Sanpete County
10,2010,120.251,4.48,0,26.37,0,29.33,0,30.85,111.17,958.13,0,50.59,2.2,1010.92,0.73,0,9.58,0,10.31,25.36,0,7.26,0,32.62,988.7,0,93.8,2.2,1084.7,18499.4,49,Utah,47,UT_East,Uintah County
10,2010,120.251,4.48,0,26.37,0,29.33,0,30.85,111.17,958.13,0,50.59,2.2,1010.92,0.73,0,9.58,0,10.31,25.36,0,7.26,0,32.62,988.7,0,93.8,2.2,1084.7,18499.4,49,Utah,51,UT_East,Wasatch County
11,2010,771.221,35.27,0,168.2,0,198.09,0,203.47,739.03,1421.9,0,480.87,7.34,1910.11,17.27,204.64,58.47,0,280.38,20.22,0,21.38,0,41.6,1494.66,204.64,728.92,7.34,2435.56,15176.73,49,Utah,1,UT_Other,Beaver County
11,2010,771.221,35.27,0,168.2,0,198.09,0,203.47,739.03,1421.9,0,480.87,7.34,1910.11,17.27,204.64,58.47,0,280.38,20.22,0,21.38,0,41.6,1494.66,204.64,728.92,7.34,2435.56,15176.73,49,Utah,3,UT_Other,Box Elder County
11,2010,771.221,35.27,0,168.2,0,198.09,0,203.47,739.03,1421.9,0,480.87,7.34,1910.11,17.27,204.64,58.47,0,280.38,20.22,0,21.38,0,41.6,1494.66,204.64,728.92,7.34,2435.56,15176.73,49,Utah,5,UT_Other,Cache County
11,2010,771.221,35.27,0,168.2,0,198.09,0,203.47,739.03,1421.9,0,480.87,7.34,1910.11,17.27,204.64,58.47,0,280.38,20.22,0,21.38,0,41.6,1494.66,204.64,728.92,7.34,2435.56,15176.73,49,Utah,7,UT_Other,Carbon County
11,2010,771.221,35.27,0,168.2,0,198.09,0,203.47,739.03,1421.9,0,480.87,7.34,1910.11,17.27,204.64,58.47,0,280.38,20.22,0,21.38,0,41.6,1494.66,204.64,728.92,7.34,2435.56,15176.73,49,Utah,9,UT_Other,Daggett County
11,2010,771.221,35.27,0,168.2,0,198.09,0,203.47,739.03,1421.9,0,480.87,7.34,1910.11,17.27,204.64,58.47,0,280.38,20.22,0,21.38,0,41.6,1494.66,204.64,728.92,7.34,2435.56,15176.73,49,Utah,19,UT_Other,Grand County
11,2010,771.221,35.27,0,168.2,0,198.09,0,203.47,739.03,1421.9,0,480.87,7.34,1910.11,17.27,204.64,58.47,0,280.38,20.22,0,21.38,0,41.6,1494.66,204.64,728.92,7.34,2435.56,15176.73,49,Utah,21,UT_Other,Iron County
11,2010,771.221,35.27,0,168.2,0,198.09,0,203.47,739.03,1421.9,0,480.87,7.34,1910.11,17.27,204.64,58.47,0,280.38,20.22,0,21.38,0,41.6,1494.66,204.64,728.92,7.34,2435.56,15176.73,49,Utah,25,UT_Other,Kane County
11,2010,771.221,35.27,0,168.2,0,198.09,0,203.47,739.03,1421.9,0,480.87,7.34,1910.11,17.27,204.64,58.47,0,280.38,20.22,0,21.38,0,41.6,1494.66,204.64,728.92,7.34,2435.56,15176.73,49,Utah,27,UT_Other,Millard County
11,2010,771.221,35.27,0,168.2,0,198.09,0,203.47,739.03,1421.9,0,480.87,7.34,1910.11,17.27,204.64,58.47,0,280.38,20.22,0,21.38,0,41.6,1494.66,204.64,728.92,7.34,2435.56,15176.73,49,Utah,33,UT_Other,Rich County
11,2010,771.221,35.27,0,168.2,0,198.09,0,203.47,739.03,1421.9,0,480.87,7.34,1910.11,17.27,204.64,58.47,0,280.38,20.22,0,21.38,0,41.6,1494.66,204.64,728.92,7.34,2435.56,15176.73,49,Utah,37,UT_Other,San Juan County
11,2010,771.221,35.27,0,168.2,0,198.09,0,203.47,739.03,1421.9,0,480.87,7.34,1910.11,17.27,204.64,58.47,0,280.38,20.22,0,21.38,0,41.6,1494.66,204.64,728.92,7.34,2435.56,15176.73,49,Utah,41,UT_Other,Sevier County
11,2010,771.221,35.27,0,168.2,0,198.09,0,203.47,739.03,1421.9,0,480.87,7.34,1910.11,17.27,204.64,58.47,0,280.38,20.22,0,21.38,0,41.6,1494.66,204.64,728.92,7.34,2435.56,15176.73,49,Utah,43,UT_Other,Summit County
11,2010,771.221,35.27,0,168.2,0,198.09,0,203.47,739.03,1421.9,0,480.87,7.34,1910.11,17.27,204.64,58.47,0,280.38,20.22,0,21.38,0,41.6,1494.66,204.64,728.92,7.34,2435.56,15176.73,49,Utah,45,UT_Other,Tooele County
11,2010,771.221,35.27,0,168.2,0,198.09,0,203.47,739.03,1421.9,0,480.87,7.34,1910.11,17.27,204.64,58.47,0,280.38,20.22,0,21.38,0,41.6,1494.66,204.64,728.92,7.34,2435.56,15176.73,49,Utah,53,UT_Other,Washington Count
11,2010,771.221,35.27,0,168.2,0,198.09,0,203.47,739.03,1421.9,0,480.87,7.34,1910.11,17.27,204.64,58.47,0,280.38,20.22,0,21.38,0,41.6,1494.66,204.64,728.92,7.34,2435.56,15176.73,49,Utah,55,UT_Other,Wayne County
11,2010,771.221,35.27,0,168.2,0,198.09,0,203.47,739.03,1421.9,0,480.87,7.34,1910.11,17.27,204.64,58.47,0,280.38,20.22,0,21.38,0,41.6,1494.66,204.64,728.92,7.34,2435.56,15176.73,49,Utah,57,UT_Other,Weber County
12,2010,43.806,9.59,0,0.33,0,9.89,0,9.92,43.34,91.28,0,10.85,0,102.13,0.78,0,31.81,0,32.59,24.4,0,0,0,24.4,126.05,0,42.99,0,169.04,14828.91,56,Wyoming,37,WY_Urban,Sweetwater County
13,2010,519.82,37.92,0,59.69,0,89.09,0,97.61,406.17,3869.92,0,432.5,0,4302.42,14.04,0,77.35,0,91.39,36.66,0,2.29,0,38.95,3958.54,0,571.83,0,4530.37,24819.17,56,Wyoming,1,WY_Other,Albany County
13,2010,519.82,37.92,0,59.69,0,89.09,0,97.61,406.17,3869.92,0,432.5,0,4302.42,14.04,0,77.35,0,91.39,36.66,0,2.29,0,38.95,3958.54,0,571.83,0,4530.37,24819.17,56,Wyoming,3,WY_Other,Big Horn County
13,2010,519.82,37.92,0,59.69,0,89.09,0,97.61,406.17,3869.92,0,432.5,0,4302.42,14.04,0,77.35,0,91.39,36.66,0,2.29,0,38.95,3958.54,0,571.83,0,4530.37,24819.17,56,Wyoming,5,WY_Other,Campbell County
13,2010,519.82,37.92,0,59.69,0,89.09,0,97.61,406.17,3869.92,0,432.5,0,4302.42,14.04,0,77.35,0,91.39,36.66,0,2.29,0,38.95,3958.54,0,571.83,0,4530.37,24819.17,56,Wyoming,7,WY_Other,Carbon County
13,2010,519.82,37.92,0,59.69,0,89.09,0,97.61,406.17,3869.92,0,432.5,0,4302.42,14.04,0,77.35,0,91.39,36.66,0,2.29,0,38.95,3958.54,0,571.83,0,4530.37,24819.17,56,Wyoming,9,WY_Other,Converse County
13,2010,519.82,37.92,0,59.69,0,89.09,0,97.61,406.17,3869.92,0,432.5,0,4302.42,14.04,0,77.35,0,91.39,36.66,0,2.29,0,38.95,3958.54,0,571.83,0,4530.37,24819.17,56,Wyoming,11,WY_Other,Crook County
13,2010,519.82,37.92,0,59.69,0,89.09,0,97.61,406.17,3869.92,0,432.5,0,4302.42,14.04,0,77.35,0,91.39,36.66,0,2.29,0,38.95,3958.54,0,571.83,0,4530.37,24819.17,56,Wyoming,13,WY_Other,Fremont County
13,2010,519.82,37.92,0,59.69,0,89.09,0,97.61,406.17,3869.92,0,432.5,0,4302.42,14.04,0,77.35,0,91.39,36.66,0,2.29,0,38.95,3958.54,0,571.83,0,4530.37,24819.17,56,Wyoming,15,WY_Other,Goshen County
13,2010,519.82,37.92,0,59.69,0,89.09,0,97.61,406.17,3869.92,0,432.5,0,4302.42,14.04,0,77.35,0,91.39,36.66,0,2.29,0,38.95,3958.54,0,571.83,0,4530.37,24819.17,56,Wyoming,17,WY_Other,Hot Springs Count
13,2010,519.82,37.92,0,59.69,0,89.09,0,97.61,406.17,3869.92,0,432.5,0,4302.42,14.04,0,77.35,0,91.39,36.66,0,2.29,0,38.95,3958.54,0,571.83,0,4530.37,24819.17,56,Wyoming,19,WY_Other,Johnson County
13,2010,519.82,37.92,0,59.69,0,89.09,0,97.61,406.17,3869.92,0,432.5,0,4302.42,14.04,0,77.35,0,91.39,36.66,0,2.29,0,38.95,3958.54,0,571.83,0,4530.37,24819.17,56,Wyoming,21,WY_Other,Laramie County
13,2010,519.82,37.92,0,59.69,0,89.09,0,97.61,406.17,3869.92,0,432.5,0,4302.42,14.04,0,77.35,0,91.39,36.66,0,2.29,0,38.95,3958.54,0,571.83,0,4530.37,24819.17,56,Wyoming,23,WY_Other,Lincoln County
13,2010,519.82,37.92,0,59.69,0,89.09,0,97.61,406.17,3869.92,0,432.5,0,4302.42,14.04,0,77.35,0,91.39,36.66,0,2.29,0,38.95,3958.54,0,571.83,0,4530.37,24819.17,56,Wyoming,25,WY_Other,Natrona County
13,2010,519.82,37.92,0,59.69,0,89.09,0,97.61,406.17,3869.92,0,432.5,0,4302.42,14.04,0,77.35,0,91.39,36.66,0,2.29,0,38.95,3958.54,0,571.83,0,4530.37,24819.17,56,Wyoming,27,WY_Other,Niobrara County
13,2010,519.82,37.92,0,59.69,0,89.09,0,97.61,406.17,3869.92,0,432.5,0,4302.42,14.04,0,77.35,0,91.39,36.66,0,2.29,0,38.95,3958.54,0,571.83,0,4530.37,24819.17,56,Wyoming,29,WY_Other,Park County
13,2010,519.82,37.92,0,59.69,0,89.09,0,97.61,406.17,3869.92,0,432.5,0,4302.42,14.04,0,77.35,0,91.39,36.66,0,2.29,0,38.95,3958.54,0,571.83,0,4530.37,24819.17,56,Wyoming,31,WY_Other,Platte County
13,2010,519.82,37.92,0,59.69,0,89.09,0,97.61,406.17,3869.92,0,432.5,0,4302.42,14.04,0,77.35,0,91.39,36.66,0,2.29,0,38.95,3958.54,0,571.83,0,4530.37,24819.17,56,Wyoming,33,WY_Other,Sheridan County
13,2010,519.82,37.92,0,59.69,0,89.09,0,97.61,406.17,3869.92,0,432.5,0,4302.42,14.04,0,77.35,0,91.39,36.66,0,2.29,0,38.95,3958.54,0,571.83,0,4530.37,24819.17,56,Wyoming,35,WY_Other,Sublette County
13,2010,519.82,37.92,0,59.69,0,89.09,0,97.61,406.17,3869.92,0,432.5,0,4302.42,14.04,0,77.35,0,91.39,36.66,0,2.29,0,38.95,3958.54,0,571.83,0,4530.37,24819.17,56,Wyoming,39,WY_Other,Teton County
13,2010,519.82,37.92,0,59.69,0,89.09,0,97.61,406.17,3869.92,0,432.5,0,4302.42,14.04,0,77.35,0,91.39,36.66,0,2.29,0,38.95,3958.54,0,571.83,0,4530.37,24819.17,56,Wyoming,41,WY_Other,Uinta County
13,2010,519.82,37.92,0,59.69,0,89.09,0,97.61,406.17,3869.92,0,432.5,0,4302.42,14.04,0,77.35,0,91.39,36.66,0,2.29,0,38.95,3958.54,0,571.83,0,4530.37,24819.17,56,Wyoming,43,WY_Other,Washakie County
13,2010,519.82,37.92,0,59.69,0,89.09,0,97.61,406.17,3869.92,0,432.5,0,4302.42,14.04,0,77.35,0,91.39,36.66,0,2.29,0,38.95,3958.54,0,571.83,0,4530.37,24819.17,56,Wyoming,45,WY_Other,Weston County
14,2010,458.203,62.39,0,26.76,0,79.65,0,89.15,397.02,3921.98,0,159.3,0,4081.28,3.35,0,14.43,0,17.78,19.95,0,0,0,19.95,4007.67,0,200.49,0,4208.16,14111.69,8,Colorad,29,CO_West,Delta County
14,2010,458.203,62.39,0,26.76,0,79.65,0,89.15,397.02,3921.98,0,159.3,0,4081.28,3.35,0,14.43,0,17.78,19.95,0,0,0,19.95,4007.67,0,200.49,0,4208.16,14111.69,8,Colorad,37,CO_West,Eagle County
14,2010,458.203,62.39,0,26.76,0,79.65,0,89.15,397.02,3921.98,0,159.3,0,4081.28,3.35,0,14.43,0,17.78,19.95,0,0,0,19.95,4007.67,0,200.49,0,4208.16,14111.69,8,Colorad,45,CO_West,Garfield County
14,2010,458.203,62.39,0,26.76,0,79.65,0,89.15,397.02,3921.98,0,159.3,0,4081.28,3.35,0,14.43,0,17.78,19.95,0,0,0,19.95,4007.67,0,200.49,0,4208.16,14111.69,8,Colorad,49,CO_West,Grand County
14,2010,458.203,62.39,0,26.76,0,79.65,0,89.15,397.02,3921.98,0,159.3,0,4081.28,3.35,0,14.43,0,17.78,19.95,0,0,0,19.95,4007.67,0,200.49,0,4208.16,14111.69,8,Colorad,51,CO_West,Gunnison County
14,2010,458.203,62.39,0,26.76,0,79.65,0,89.15,397.02,3921.98,0,159.3,0,4081.28,3.35,0,14.43,0,17.78,19.95,0,0,0,19.95,4007.67,0,200.49,0,4208.16,14111.69,8,Colorad,53,CO_West,Hinsdale County
14,2010,458.203,62.39,0,26.76,0,79.65,0,89.15,397.02,3921.98,0,159.3,0,4081.28,3.35,0,14.43,0,17.78,19.95,0,0,0,19.95,4007.67,0,200.49,0,4208.16,14111.69,8,Colorad,77,CO_West,Mesa County
14,2010,458.203,62.39,0,26.76,0,79.65,0,89.15,397.02,3921.98,0,159.3,0,4081.28,3.35,0,14.43,0,17.78,19.95,0,0,0,19.95,4007.67,0,200.49,0,4208.16,14111.69,8,Colorad,81,CO_West,Moffat County
14,2010,458.203,62.39,0,26.76,0,79.65,0,89.15,397.02,3921.98,0,159.3,0,4081.28,3.35,0,14.43,0,17.78,19.95,0,0,0,19.95,4007.67,0,200.49,0,4208.16,14111.69,8,Colorad,85,CO_West,Montrose County
14,2010,458.203,62.39,0,26.76,0,79.65,0,89.15,397.02,3921.98,0,159.3,0,4081.28,3.35,0,14.43,0,17.78,19.95,0,0,0,19.95,4007.67,0,200.49,0,4208.16,14111.69,8,Colorad,91,CO_West,Ouray County
14,2010,458.203,62.39,0,26.76,0,79.65,0,89.15,397.02,3921.98,0,159.3,0,4081.28,3.35,0,14.43,0,17.78,19.95,0,0,0,19.95,4007.67,0,200.49,0,4208.16,14111.69,8,Colorad,97,CO_West,Pitkin County
14,2010,458.203,62.39,0,26.76,0,79.65,0,89.15,397.02,3921.98,0,159.3,0,4081.28,3.35,0,14.43,0,17.78,19.95,0,0,0,19.95,4007.67,0,200.49,0,4208.16,14111.69,8,Colorad,103,CO_West,Rio Blanco County
14,2010,458.203,62.39,0,26.76,0,79.65,0,89.15,397.02,3921.98,0,159.3,0,4081.28,3.35,0,14.43,0,17.78,19.95,0,0,0,19.95,4007.67,0,200.49,0,4208.16,14111.69,8,Colorad,107,CO_West,Routt County
14,2010,458.203,62.39,0,26.76,0,79.65,0,89.15,397.02,3921.98,0,159.3,0,4081.28,3.35,0,14.43,0,17.78,19.95,0,0,0,19.95,4007.67,0,200.49,0,4208.16,14111.69,8,Colorad,109,CO_West,Saguache County
14,2010,458.203,62.39,0,26.76,0,79.65,0,89.15,397.02,3921.98,0,159.3,0,4081.28,3.35,0,14.43,0,17.78,19.95,0,0,0,19.95,4007.67,0,200.49,0,4208.16,14111.69,8,Colorad,117,CO_West,Summit County
15,2010,2433.772,370.4,0,74.07,0,436.77,0,444.47,2358.47,179.55,0,20.9,0,200.45,40.23,0,2.86,0,43.09,9.29,0,0,0,9.29,599.47,0,97.83,0,697.3,4907.17,8,Colorad,1,CO_FrontRa,Adams County
15,2010,2433.772,370.4,0,74.07,0,436.77,0,444.47,2358.47,179.55,0,20.9,0,200.45,40.23,0,2.86,0,43.09,9.29,0,0,0,9.29,599.47,0,97.83,0,697.3,4907.17,8,Colorad,5,CO_FrontRa,Arapahoe County
15,2010,2433.772,370.4,0,74.07,0,436.77,0,444.47,2358.47,179.55,0,20.9,0,200.45,40.23,0,2.86,0,43.09,9.29,0,0,0,9.29,599.47,0,97.83,0,697.3,4907.17,8,Colorad,31,CO_FrontRa,Denver County
15,2010,2433.772,370.4,0,74.07,0,436.77,0,444.47,2358.47,179.55,0,20.9,0,200.45,40.23,0,2.86,0,43.09,9.29,0,0,0,9.29,599.47,0,97.83,0,697.3,4907.17,8,Colorad,35,CO_FrontRa,Douglas County
15,2010,2433.772,370.4,0,74.07,0,436.77,0,444.47,2358.47,179.55,0,20.9,0,200.45,40.23,0,2.86,0,43.09,9.29,0,0,0,9.29,599.47,0,97.83,0,697.3,4907.17,8,Colorad,59,CO_FrontRa,Jefferson County
16,2010,1850.635,260.56,0,38.32,0,291.38,0,298.88,1775.99,2305.25,0,260.9,0,2566.15,85.99,0,4.77,0,90.76,30.96,0,16.78,0,47.74,2682.76,0,320.77,0,3003.53,19262.27,8,Colorad,11,CO_EastAgr,Bent County
16,2010,1850.635,260.56,0,38.32,0,291.38,0,298.88,1775.99,2305.25,0,260.9,0,2566.15,85.99,0,4.77,0,90.76,30.96,0,16.78,0,47.74,2682.76,0,320.77,0,3003.53,19262.27,8,Colorad,13,CO_EastAgr,Boulder County
16,2010,1850.635,260.56,0,38.32,0,291.38,0,298.88,1775.99,2305.25,0,260.9,0,2566.15,85.99,0,4.77,0,90.76,30.96,0,16.78,0,47.74,2682.76,0,320.77,0,3003.53,19262.27,8,Colorad,14,CO_EastAgr,Broomfield County
16,2010,1850.635,260.56,0,38.32,0,291.38,0,298.88,1775.99,2305.25,0,260.9,0,2566.15,85.99,0,4.77,0,90.76,30.96,0,16.78,0,47.74,2682.76,0,320.77,0,3003.53,19262.27,8,Colorad,15,CO_EastAgr,Chaffee County
16,2010,1850.635,260.56,0,38.32,0,291.38,0,298.88,1775.99,2305.25,0,260.9,0,2566.15,85.99,0,4.77,0,90.76,30.96,0,16.78,0,47.74,2682.76,0,320.77,0,3003.53,19262.27,8,Colorad,25,CO_EastAgr,Crowley County
16,2010,1850.635,260.56,0,38.32,0,291.38,0,298.88,1775.99,2305.25,0,260.9,0,2566.15,85.99,0,4.77,0,90.76,30.96,0,16.78,0,47.74,2682.76,0,320.77,0,3003.53,19262.27,8,Colorad,41,CO_EastAgr,El Paso County
16,2010,1850.635,260.56,0,38.32,0,291.38,0,298.88,1775.99,2305.25,0,260.9,0,2566.15,85.99,0,4.77,0,90.76,30.96,0,16.78,0,47.74,2682.76,0,320.77,0,3003.53,19262.27,8,Colorad,43,CO_EastAgr,Fremont County
16,2010,1850.635,260.56,0,38.32,0,291.38,0,298.88,1775.99,2305.25,0,260.9,0,2566.15,85.99,0,4.77,0,90.76,30.96,0,16.78,0,47.74,2682.76,0,320.77,0,3003.53,19262.27,8,Colorad,69,CO_EastAgr,Larimer County
16,2010,1850.635,260.56,0,38.32,0,291.38,0,298.88,1775.99,2305.25,0,260.9,0,2566.15,85.99,0,4.77,0,90.76,30.96,0,16.78,0,47.74,2682.76,0,320.77,0,3003.53,19262.27,8,Colorad,75,CO_EastAgr,Logan County
16,2010,1850.635,260.56,0,38.32,0,291.38,0,298.88,1775.99,2305.25,0,260.9,0,2566.15,85.99,0,4.77,0,90.76,30.96,0,16.78,0,47.74,2682.76,0,320.77,0,3003.53,19262.27,8,Colorad,87,CO_EastAgr,Morgan County
16,2010,1850.635,260.56,0,38.32,0,291.38,0,298.88,1775.99,2305.25,0,260.9,0,2566.15,85.99,0,4.77,0,90.76,30.96,0,16.78,0,47.74,2682.76,0,320.77,0,3003.53,19262.27,8,Colorad,89,CO_EastAgr,Otero County
16,2010,1850.635,260.56,0,38.32,0,291.38,0,298.88,1775.99,2305.25,0,260.9,0,2566.15,85.99,0,4.77,0,90.76,30.96,0,16.78,0,47.74,2682.76,0,320.77,0,3003.53,19262.27,8,Colorad,99,CO_EastAgr,Prowers County
16,2010,1850.635,260.56,0,38.32,0,291.38,0,298.88,1775.99,2305.25,0,260.9,0,2566.15,85.99,0,4.77,0,90.76,30.96,0,16.78,0,47.74,2682.76,0,320.77,0,3003.53,19262.27,8,Colorad,101,CO_EastAgr,Pueblo County
16,2010,1850.635,260.56,0,38.32,0,291.38,0,298.88,1775.99,2305.25,0,260.9,0,2566.15,85.99,0,4.77,0,90.76,30.96,0,16.78,0,47.74,2682.76,0,320.77,0,3003.53,19262.27,8,Colorad,115,CO_EastAgr,Sedgwick County
16,2010,1850.635,260.56,0,38.32,0,291.38,0,298.88,1775.99,2305.25,0,260.9,0,2566.15,85.99,0,4.77,0,90.76,30.96,0,16.78,0,47.74,2682.76,0,320.77,0,3003.53,19262.27,8,Colorad,121,CO_EastAgr,Washington County
16,2010,1850.635,260.56,0,38.32,0,291.38,0,298.88,1775.99,2305.25,0,260.9,0,2566.15,85.99,0,4.77,0,90.76,30.96,0,16.78,0,47.74,2682.76,0,320.77,0,3003.53,19262.27,8,Colorad,123,CO_EastAgr,Weld County
17,2010,286.586,23.96,0,29,0,39.73,0,52.96,186.14,2122.02,0,880.66,0,3002.68,0.26,0,6.27,0,6.53,0,0,0,0,0,2146.24,0,915.93,0,3062.17,0,8,Colorad,3,CO_East,Alamosa County
17,2010,286.586,23.96,0,29,0,39.73,0,52.96,186.14,2122.02,0,880.66,0,3002.68,0.26,0,6.27,0,6.53,0,0,0,0,0,2146.24,0,915.93,0,3062.17,0,8,Colorad,7,CO_Other,Archuleta County
17,2010,286.586,23.96,0,29,0,39.73,0,52.96,186.14,2122.02,0,880.66,0,3002.68,0.26,0,6.27,0,6.53,0,0,0,0,0,2146.24,0,915.93,0,3062.17,0,8,Colorad,9,CO_Other,Baca County
17,2010,286.586,23.96,0,29,0,39.73,0,52.96,186.14,2122.02,0,880.66,0,3002.68,0.26,0,6.27,0,6.53,0,0,0,0,0,2146.24,0,915.93,0,3062.17,0,8,Colorad,17,CO_Other,Cheyenne County
17,2010,286.586,23.96,0,29,0,39.73,0,52.96,186.14,2122.02,0,880.66,0,3002.68,0.26,0,6.27,0,6.53,0,0,0,0,0,2146.24,0,915.93,0,3062.17,0,8,Colorad,19,CO_Other,Clear Creek Count
17,2010,286.586,23.96,0,29,0,39.73,0,52.96,186.14,2122.02,0,880.66,0,3002.68,0.26,0,6.27,0,6.53,0,0,0,0,0,2146.24,0,915.93,0,3062.17,0,8,Colorad,21,CO_Other,Conejos County
17,2010,286.586,23.96,0,29,0,39.73,0,52.96,186.14,2122.02,0,880.66,0,3002.68,0.26,0,6.27,0,6.53,0,0,0,0,0,2146.24,0,915.93,0,3062.17,0,8,Colorad,23,CO_Other,Costilla County
17,2010,286.586,23.96,0,29,0,39.73,0,52.96,186.14,2122.02,0,880.66,0,3002.68,0.26,0,6.27,0,6.53,0,0,0,0,0,2146.24,0,915.93,0,3062.17,0,8,Colorad,27,CO_Other,Custer County
17,2010,286.586,23.96,0,29,0,39.73,0,52.96,186.14,2122.02,0,880.66,0,3002.68,0.26,0,6.27,0,6.53,0,0,0,0,0,2146.24,0,915.93,0,3062.17,0,8,Colorad,33,CO_Other,Dolores County
17,2010,286.586,23.96,0,29,0,39.73,0,52.96,186.14,2122.02,0,880.66,0,3002.68,0.26,0,6.27,0,6.53,0,0,0,0,0,2146.24,0,915.93,0,3062.17,0,8,Colorad,39,CO_Other,Elbert County
17,2010,286.586,23.96,0,29,0,39.73,0,52.96,186.14,2122.02,0,880.66,0,3002.68,0.26,0,6.27,0,6.53,0,0,0,0,0,2146.24,0,915.93,0,3062.17,0,8,Colorad,47,CO_Other,Gilpin County
17,2010,286.586,23.96,0,29,0,39.73,0,52.96,186.14,2122.02,0,880.66,0,3002.68,0.26,0,6.27,0,6.53,0,0,0,0,0,2146.24,0,915.93,0,3062.17,0,8,Colorad,55,CO_Other,Huerfano County
17,2010,286.586,23.96,0,29,0,39.73,0,52.96,186.14,2122.02,0,880.66,0,3002.68,0.26,0,6.27,0,6.53,0,0,0,0,0,2146.24,0,915.93,0,3062.17,0,8,Colorad,57,CO_Other,Jackson County
17,2010,286.586,23.96,0,29,0,39.73,0,52.96,186.14,2122.02,0,880.66,0,3002.68,0.26,0,6.27,0,6.53,0,0,0,0,0,2146.24,0,915.93,0,3062.17,0,8,Colorad,61,CO_Other,Kiowa County
17,2010,286.586,23.96,0,29,0,39.73,0,52.96,186.14,2122.02,0,880.66,0,3002.68,0.26,0,6.27,0,6.53,0,0,0,0,0,2146.24,0,915.93,0,3062.17,0,8,Colorad,63,CO_Other,Kit Carson County
17,2010,286.586,23.96,0,29,0,39.73,0,52.96,186.14,2122.02,0,880.66,0,3002.68,0.26,0,6.27,0,6.53,0,0,0,0,0,2146.24,0,915.93,0,3062.17,0,8,Colorad,65,CO_Other,Lake County
17,2010,286.586,23.96,0,29,0,39.73,0,52.96,186.14,2122.02,0,880.66,0,3002.68,0.26,0,6.27,0,6.53,0,0,0,0,0,2146.24,0,915.93,0,3062.17,0,8,Colorad,67,CO_Other,La Plata County
17,2010,286.586,23.96,0,29,0,39.73,0,52.96,186.14,2122.02,0,880.66,0,3002.68,0.26,0,6.27,0,6.53,0,0,0,0,0,2146.24,0,915.93,0,3062.17,0,8,Colorad,71,CO_Other,Las Animas County
17,2010,286.586,23.96,0,29,0,39.73,0,52.96,186.14,2122.02,0,880.66,0,3002.68,0.26,0,6.27,0,6.53,0,0,0,0,0,2146.24,0,915.93,0,3062.17,0,8,Colorad,73,CO_Other,Lincoln County
17,2010,286.586,23.96,0,29,0,39.73,0,52.96,186.14,2122.02,0,880.66,0,3002.68,0.26,0,6.27,0,6.53,0,0,0,0,0,2146.24,0,915.93,0,3062.17,0,8,Colorad,79,CO_Other,Mineral County
17,2010,286.586,23.96,0,29,0,39.73,0,52.96,186.14,2122.02,0,880.66,0,3002.68,0.26,0,6.27,0,6.53,0,0,0,0,0,2146.24,0,915.93,0,3062.17,0,8,Colorad,83,CO_Other,Montezuma County
17,2010,286.586,23.96,0,29,0,39.73,0,52.96,186.14,2122.02,0,880.66,0,3002.68,0.26,0,6.27,0,6.53,0,0,0,0,0,2146.24,0,915.93,0,3062.17,0,8,Colorad,93,CO_Other,Park County
17,2010,286.586,23.96,0,29,0,39.73,0,52.96,186.14,2122.02,0,880.66,0,3002.68,0.26,0,6.27,0,6.53,0,0,0,0,0,2146.24,0,915.93,0,3062.17,0,8,Colorad,95,CO_Other,Phillips County
17,2010,286.586,23.96,0,29,0,39.73,0,52.96,186.14,2122.02,0,880.66,0,3002.68,0.26,0,6.27,0,6.53,0,0,0,0,0,2146.24,0,915.93,0,3062.17,0,8,Colorad,105,CO_Other,Rio Grande County
17,2010,286.586,23.96,0,29,0,39.73,0,52.96,186.14,2122.02,0,880.66,0,3002.68,0.26,0,6.27,0,6.53,0,0,0,0,0,2146.24,0,915.93,0,3062.17,0,8,Colorad,111,CO_Other,San Juan County
17,2010,286.586,23.96,0,29,0,39.73,0,52.96,186.14,2122.02,0,880.66,0,3002.68,0.26,0,6.27,0,6.53,0,0,0,0,0,2146.24,0,915.93,0,3062.17,0,8,Colorad,113,CO_Other,San Miguel County
17,2010,286.586,23.96,0,29,0,39.73,0,52.96,186.14,2122.02,0,880.66,0,3002.68,0.26,0,6.27,0,6.53,0,0,0,0,0,2146.24,0,915.93,0,3062.17,0,8,Colorad,119,CO_Other,Teller County
17,2010,286.586,23.96,0,29,0,39.73,0,52.96,186.14,2122.02,0,880.66,0,3002.68,0.26,0,6.27,0,6.53,0,0,0,0,0,2146.24,0,915.93,0,3062.17,0,8,Colorad,125,CO_Other,Yuma County
18,2010,662.564,40.28,0,60.65,0,98.26,0,100.93,635.82,38.63,0,7.98,0,46.61,0,0,1.04,0,1.04,0,0,0.42,0,0.42,78.91,0,70.09,0,149,77.08,35,NewMexi,1,NM_Albuque,Bernalillo County
19,2010,418.422,18.02,0,33.68,0,42.36,0,51.7,292.29,525.53,0,36.06,0,561.59,1.47,0,8.97,0,10.44,42.27,0,3.05,0,45.32,587.29,0,81.76,0,669.05,25877.58,35,NewMexi,6,NM_West,Cibola County
19,2010,418.422,18.02,0,33.68,0,42.36,0,51.7,292.29,525.53,0,36.06,0,561.59,1.47,0,8.97,0,10.44,42.27,0,3.05,0,45.32,587.29,0,81.76,0,669.05,25877.58,35,NewMexi,31,NM_West,McKinley County
19,2010,418.422,18.02,0,33.68,0,42.36,0,51.7,292.29,525.53,0,36.06,0,561.59,1.47,0,8.97,0,10.44,42.27,0,3.05,0,45.32,587.29,0,81.76,0,669.05,25877.58,35,NewMexi,39,NM_West,Rio Arriba County
19,2010,418.422,18.02,0,33.68,0,42.36,0,51.7,292.29,525.53,0,36.06,0,561.59,1.47,0,8.97,0,10.44,42.27,0,3.05,0,45.32,587.29,0,81.76,0,669.05,25877.58,35,NewMexi,43,NM_West,Sandoval County
19,2010,418.422,18.02,0,33.68,0,42.36,0,51.7,292.29,525.53,0,36.06,0,561.59,1.47,0,8.97,0,10.44,42.27,0,3.05,0,45.32,587.29,0,81.76,0,669.05,25877.58,35,NewMexi,45,NM_West,San Juan County
19,2010,418.422,18.02,0,33.68,0,42.36,0,51.7,292.29,525.53,0,36.06,0,561.59,1.47,0,8.97,0,10.44,42.27,0,3.05,0,45.32,587.29,0,81.76,0,669.05,25877.58,35,NewMexi,53,NM_West,Socorro County
20,2010,978.193,14.08,0,142.43,0,142.7,0,156.51,827.94,902.06,0,1225.77,0,2127.83,9.04,0,27.67,0,36.71,0,0,6.12,0,6.12,925.18,0,1401.99,0,2327.17,3762.06,35,NewMexi,3,NM_Other,Catron County
20,2010,978.193,14.08,0,142.43,0,142.7,0,156.51,827.94,902.06,0,1225.77,0,2127.83,9.04,0,27.67,0,36.71,0,0,6.12,0,6.12,925.18,0,1401.99,0,2327.17,3762.06,35,NewMexi,5,NM_Other,Chaves County
20,2010,978.193,14.08,0,142.43,0,142.7,0,156.51,827.94,902.06,0,1225.77,0,2127.83,9.04,0,27.67,0,36.71,0,0,6.12,0,6.12,925.18,0,1401.99,0,2327.17,3762.06,35,NewMexi,7,NM_Other,Colfax County
20,2010,978.193,14.08,0,142.43,0,142.7,0,156.51,827.94,902.06,0,1225.77,0,2127.83,9.04,0,27.67,0,36.71,0,0,6.12,0,6.12,925.18,0,1401.99,0,2327.17,3762.06,35,NewMexi,9,NM_Other,Curry County
20,2010,978.193,14.08,0,142.43,0,142.7,0,156.51,827.94,902.06,0,1225.77,0,2127.83,9.04,0,27.67,0,36.71,0,0,6.12,0,6.12,925.18,0,1401.99,0,2327.17,3762.06,35,NewMexi,11,NM_Other,De Baca County
20,2010,978.193,14.08,0,142.43,0,142.7,0,156.51,827.94,902.06,0,1225.77,0,2127.83,9.04,0,27.67,0,36.71,0,0,6.12,0,6.12,925.18,0,1401.99,0,2327.17,3762.06,35,NewMexi,13,NM_Other,Dona Ana County
20,2010,978.193,14.08,0,142.43,0,142.7,0,156.51,827.94,902.06,0,1225.77,0,2127.83,9.04,0,27.67,0,36.71,0,0,6.12,0,6.12,925.18,0,1401.99,0,2327.17,3762.06,35,NewMexi,15,NM_Other,Eddy County
20,2010,978.193,14.08,0,142.43,0,142.7,0,156.51,827.94,902.06,0,1225.77,0,2127.83,9.04,0,27.67,0,36.71,0,0,6.12,0,6.12,925.18,0,1401.99,0,2327.17,3762.06,35,NewMexi,17,NM_Other,Grant County
20,2010,978.193,14.08,0,142.43,0,142.7,0,156.51,827.94,902.06,0,1225.77,0,2127.83,9.04,0,27.67,0,36.71,0,0,6.12,0,6.12,925.18,0,1401.99,0,2327.17,3762.06,35,NewMexi,19,NM_Other,Guadalupe County
20,2010,978.193,14.08,0,142.43,0,142.7,0,156.51,827.94,902.06,0,1225.77,0,2127.83,9.04,0,27.67,0,36.71,0,0,6.12,0,6.12,925.18,0,1401.99,0,2327.17,3762.06,35,NewMexi,21,NM_Other,Harding County
20,2010,978.193,14.08,0,142.43,0,142.7,0,156.51,827.94,902.06,0,1225.77,0,2127.83,9.04,0,27.67,0,36.71,0,0,6.12,0,6.12,925.18,0,1401.99,0,2327.17,3762.06,35,NewMexi,23,NM_Other,Hidalgo County
20,2010,978.193,14.08,0,142.43,0,142.7,0,156.51,827.94,902.06,0,1225.77,0,2127.83,9.04,0,27.67,0,36.71,0,0,6.12,0,6.12,925.18,0,1401.99,0,2327.17,3762.06,35,NewMexi,25,NM_Other,Lea County
20,2010,978.193,14.08,0,142.43,0,142.7,0,156.51,827.94,902.06,0,1225.77,0,2127.83,9.04,0,27.67,0,36.71,0,0,6.12,0,6.12,925.18,0,1401.99,0,2327.17,3762.06,35,NewMexi,27,NM_Other,Lincoln County
20,2010,978.193,14.08,0,142.43,0,142.7,0,156.51,827.94,902.06,0,1225.77,0,2127.83,9.04,0,27.67,0,36.71,0,0,6.12,0,6.12,925.18,0,1401.99,0,2327.17,3762.06,35,NewMexi,28,NM_Other,Los Alamos County
20,2010,978.193,14.08,0,142.43,0,142.7,0,156.51,827.94,902.06,0,1225.77,0,2127.83,9.04,0,27.67,0,36.71,0,0,6.12,0,6.12,925.18,0,1401.99,0,2327.17,3762.06,35,NewMexi,29,NM_Other,Luna County
20,2010,978.193,14.08,0,142.43,0,142.7,0,156.51,827.94,902.06,0,1225.77,0,2127.83,9.04,0,27.67,0,36.71,0,0,6.12,0,6.12,925.18,0,1401.99,0,2327.17,3762.06,35,NewMexi,33,NM_Other,Mora County
20,2010,978.193,14.08,0,142.43,0,142.7,0,156.51,827.94,902.06,0,1225.77,0,2127.83,9.04,0,27.67,0,36.71,0,0,6.12,0,6.12,925.18,0,1401.99,0,2327.17,3762.06,35,NewMexi,35,NM_Other,Otero County
20,2010,978.193,14.08,0,142.43,0,142.7,0,156.51,827.94,902.06,0,1225.77,0,2127.83,9.04,0,27.67,0,36.71,0,0,6.12,0,6.12,925.18,0,1401.99,0,2327.17,3762.06,35,NewMexi,37,NM_Other,Quay County
20,2010,978.193,14.08,0,142.43,0,142.7,0,156.51,827.94,902.06,0,1225.77,0,2127.83,9.04,0,27.67,0,36.71,0,0,6.12,0,6.12,925.18,0,1401.99,0,2327.17,3762.06,35,NewMexi,41,NM_Other,Roosevelt County
20,2010,978.193,14.08,0,142.43,0,142.7,0,156.51,827.94,902.06,0,1225.77,0,2127.83,9.04,0,27.67,0,36.71,0,0,6.12,0,6.12,925.18,0,1401.99,0,2327.17,3762.06,35,NewMexi,47,NM_Other,San Miguel County
20,2010,978.193,14.08,0,142.43,0,142.7,0,156.51,827.94,902.06,0,1225.77,0,2127.83,9.04,0,27.67,0,36.71,0,0,6.12,0,6.12,925.18,0,1401.99,0,2327.17,3762.06,35,NewMexi,49,NM_Other,Santa Fe County
20,2010,978.193,14.08,0,142.43,0,142.7,0,156.51,827.94,902.06,0,1225.77,0,2127.83,9.04,0,27.67,0,36.71,0,0,6.12,0,6.12,925.18,0,1401.99,0,2327.17,3762.06,35,NewMexi,51,NM_Other,Sierra County
20,2010,978.193,14.08,0,142.43,0,142.7,0,156.51,827.94,902.06,0,1225.77,0,2127.83,9.04,0,27.67,0,36.71,0,0,6.12,0,6.12,925.18,0,1401.99,0,2327.17,3762.06,35,NewMexi,55,NM_Other,Taos County
20,2010,978.193,14.08,0,142.43,0,142.7,0,156.51,827.94,902.06,0,1225.77,0,2127.83,9.04,0,27.67,0,36.71,0,0,6.12,0,6.12,925.18,0,1401.99,0,2327.17,3762.06,35,NewMexi,57,NM_Other,Torrance County
20,2010,978.193,14.08,0,142.43,0,142.7,0,156.51,827.94,902.06,0,1225.77,0,2127.83,9.04,0,27.67,0,36.71,0,0,6.12,0,6.12,925.18,0,1401.99,0,2327.17,3762.06,35,NewMexi,59,NM_Other,Union County
20,2010,978.193,14.08,0,142.43,0,142.7,0,156.51,827.94,902.06,0,1225.77,0,2127.83,9.04,0,27.67,0,36.71,0,0,6.12,0,6.12,925.18,0,1401.99,0,2327.17,3762.06,35,NewMexi,61,NM_Other,Valencia County
